file,ID,rt,gt,bt,distance,r/g,g/b,b/r,r,g,b,hue
f1.jpg,0,0.408507917,0.339413999,0.252078083,4.625629655,1.203568262,1.346463742,0.617070251,78.70289855,65.39130435,48.56521739,33.49843713
f2.jpg,0,0.407895579,0.344199885,0.247904536,4.002221605,1.185054373,1.388437218,0.607764706,65.72164948,55.45876289,39.94329897,36.11277746
f3.jpg,0,0.395949492,0.340398491,0.263652017,5.002777007,1.163194026,1.291090033,0.665872852,69.98550725,60.16666667,46.60144928,34.80632166
f4.jpg,0,0.414696296,0.344414815,0.240888889,3.877015605,1.204060564,1.429766298,0.580880251,64.20183486,53.32110092,37.29357798,35.73815207
f6.jpg,0,0.462163069,0.351251136,0.186585795,3.231607687,1.315762491,1.882518096,0.403722858,67.05700713,50.96437055,27.07244656,35.85172424
f7.jpg,0,0.441249674,0.354176589,0.204573737,4.131047895,1.245846528,1.731290601,0.463623544,68.21971496,54.75771971,31.62826603,37.92599805
f8.jpg,0,0.406040101,0.34434549,0.249614409,3.650241504,1.17916486,1.379509667,0.614753094,42.28497409,35.86010363,25.99481865,36.33587789
f9.jpg,0,0.388408304,0.3463812,0.265210496,5.522680509,1.121331946,1.30606143,0.68281366,107.76,96.1,73.58,39.53188999
f11.jpg,0,0.401446922,0.338845416,0.259707663,3.681787006,1.184749455,1.30471859,0.646929018,59.10869565,49.89130435,38.23913043,33.50000002
f12.jpg,0,0.378069456,0.340005469,0.281925075,5.829534379,1.111951102,1.206013579,0.745696514,60.64035088,54.53508772,45.21929825,36.24573378
f13.jpg,0,0.404283659,0.345037029,0.250679312,3.784308081,1.171710932,1.376408076,0.620057987,102.5405405,87.51351351,63.58108108,36.8574402
f14.jpg,0,0.393709328,0.340428416,0.265862256,4.257346591,1.15651135,1.280469148,0.675275482,116.16,100.44,78.44,34.99469777
f16.jpg,0,0.413157393,0.336318598,0.250524009,3.096252067,1.228470255,1.342460544,0.60636458,76.07894737,61.92982456,46.13157895,31.65202108
f17.jpg,0,0.395180944,0.344645238,0.260173817,3.805259518,1.146631087,1.324673029,0.658366302,95.48888889,83.27777778,62.86666667,37.54087194
f18.jpg,0,0.388524098,0.339084159,0.272391743,3.805259518,1.145804329,1.244840082,0.70109356,100.5888889,87.78888889,70.52222222,34.45676274
f19.jpg,0,0.390619803,0.348930037,0.260450161,3.640906254,1.119478869,1.339719029,0.666761283,61.80701754,55.21052632,41.21052632,40.78364567
f21.jpg,0,0.398457709,0.347649959,0.253892332,4.019950248,1.146146287,1.369281046,0.637187653,90.71111111,79.14444444,57.8,38.91289668
f22.jpg,0,0.403535066,0.346942994,0.249521939,4.204759208,1.163116341,1.39043082,0.618340164,86.75555556,74.58888889,53.64444444,37.95302013
f23.jpg,0,0.410673027,0.343333085,0.245993888,4.310438685,1.196135895,1.395697622,0.599001815,79.85507246,66.76086957,47.83333333,35.46503735
f24.jpg,0,0.401671076,0.338810751,0.259518173,3.868964834,1.185532265,1.305537669,0.646096242,74.34020619,62.70618557,48.03092784,33.46786833
f26.jpg,0,0.399952728,0.339512426,0.260534846,3.735713527,1.178020885,1.30313634,0.651414099,61.05670103,51.82989691,39.77319588,33.98885929
f27.jpg,0,0.429433312,0.350022526,0.220544162,2.82404083,1.226873356,1.587085887,0.513570223,49.59954751,40.42760181,25.47285068,37.19054764
f28.jpg,0,0.416190264,0.351622244,0.232187492,3.648955863,1.183628941,1.514389256,0.557887852,65.18217054,55.06976744,36.36434109,38.94552791
f29.jpg,0,0.41668327,0.344380244,0.238936486,4,1.209951144,1.441304549,0.573424716,58.45341615,48.31055901,33.51863354,35.59347366
f31.jpg,0,0.42240456,0.344382522,0.233212918,4,1.226556323,1.476687164,0.552107955,48.27593361,39.35892116,26.65352697,35.25618883
f32.jpg,0,0.419428676,0.3504591,0.230112224,3.134042473,1.19679779,1.522992099,0.548632551,39.98379052,33.40897756,21.93640898,38.14149509
f33.jpg,0,0.418317386,0.341377091,0.240305523,4.464190193,1.225382125,1.420596112,0.574457412,51.02901024,41.64334471,29.31399317,34.06679764
f34.jpg,0,0.41878971,0.342765043,0.238445247,4.606674862,1.221798192,1.4375,0.569367493,52.83497053,43.24361493,30.08251473,34.70684742
f36.jpg,0,0.420213527,0.352882793,0.22690368,4.371755357,1.190801977,1.555209647,0.539972337,67.32808023,56.54011461,36.35530086,39.10171608
f37.jpg,0,0.430034527,0.356415926,0.213549547,4.51232879,1.2065525,1.669008114,0.496586979,66.77710843,55.34538153,33.16064257,39.59620094
f38.jpg,0,0.423526722,0.349046126,0.227427153,4.596163243,1.213383247,1.534760126,0.536984188,67.1761658,55.3626943,36.07253886,37.2113943
f39.jpg,0,0.430833408,0.346528214,0.222638378,4.798405085,1.243285224,1.556462174,0.516762103,66.24137931,53.27931034,34.23103448,35.70397501
f41.jpg,0,0.432838509,0.345390929,0.221770563,4.949522985,1.253184357,1.557424594,0.512363291,86.72164948,69.20103093,44.43298969,35.14139444
f42.jpg,0,0.414900197,0.336407085,0.248692719,4.506939094,1.233327762,1.352701786,0.599403713,147.58,119.66,88.46,31.66441137
f43.jpg,0,0.417359118,0.354358664,0.228282218,4.506939094,1.177787252,1.552283256,0.546968326,110.5,93.82,60.44,40.00799041
f44.jpg,0,0.458475319,0.328302989,0.213221692,3.822508371,1.396500593,1.539726027,0.465066893,123.9210526,88.73684211,57.63157895,28.15402938
f46.jpg,0,0.424430221,0.341901182,0.233668597,4.133333333,1.241382726,1.463188406,0.550546557,64.60309278,52.04123711,35.56701031,34.04225102
f47.jpg,0,0.402420963,0.334833381,0.262745656,3.766543669,1.201854372,1.274363144,0.65291245,54.76356589,45.56589147,35.75581395,30.96655791
f48.jpg,0,0.409417892,0.351000922,0.239581186,4.743054991,1.166429675,1.465060459,0.585175174,58.05230769,49.76923077,33.97076923,39.36242254
f49.jpg,0,0.409781045,0.335783922,0.254435033,4.274991878,1.220371252,1.319723618,0.620904836,79.29896907,64.97938144,49.2371134,31.41975309
f51.jpg,0,0.420651421,0.352660353,0.226688227,4.756574398,1.19279476,1.555706522,0.538898041,109.26,91.6,58.88,38.96784438
f52.jpg,0,0.409329524,0.345272111,0.245398365,4.506939094,1.185527329,1.40698619,0.599512987,123.2,103.92,73.86,36.55451966
f53.jpg,0,0.418998716,0.342490372,0.238510911,3.6,1.223388306,1.435952637,0.569240196,108.8,88.93333333,61.93333333,34.56614509
f54.jpg,0,0.398359206,0.350068776,0.251572018,3.8,1.137945551,1.391525093,0.631520533,90.1,79.17777778,56.9,40.26104418
f56.jpg,0,0.425715657,0.358867744,0.2154166,5.721424113,1.18627451,1.665924277,0.506010518,126.7619048,106.8571429,64.14285714,40.92775665
f57.jpg,0,0.4169008,0.355738059,0.227361141,3.288818409,1.171931956,1.564638783,0.54536029,75.85955056,64.73033708,41.37078652,40.63854048
f58.jpg,0,0.424123957,0.358116806,0.217759237,2.705882353,1.18431738,1.644553914,0.513433004,68.96124031,58.22868217,35.40697674,40.8085942
f59.jpg,0,0.41587805,0.340938155,0.243183795,4.4,1.219804951,1.401977282,0.584747847,90.33333333,74.05555556,52.82222222,33.96327014
f61.jpg,0,0.411454569,0.360984736,0.227560696,4.181818182,1.139811543,1.58632287,0.553063966,84.88596491,74.47368421,46.94736842,43.53294798
f62.jpg,0,0.403386551,0.362699565,0.233913885,4.604345773,1.112178205,1.550568769,0.57987527,92.64444444,83.3,53.72222222,45.59520411
f63.jpg,0,0.434101937,0.358268693,0.20762937,4.181818182,1.211665842,1.7255203,0.478296345,107.5087719,88.72807018,51.42105263,39.90928996
f64.jpg,0,0.466616769,0.342096018,0.191287213,2.953916651,1.36399357,1.788389364,0.409945005,79.13989637,58.02072539,32.44300518,32.86435506
f66.jpg,0,0.457674151,0.346796162,0.195529686,2.910511017,1.319720921,1.773624091,0.427224666,61.19683258,46.37104072,26.14479638,34.62208739
f67.jpg,0,0.452251089,0.345892541,0.20185637,4.428571429,1.307490145,1.713557715,0.446336948,106.2078652,81.23033708,47.40449438,34.51418745
f68.jpg,0,0.417774931,0.347059488,0.23516558,3.584302195,1.20375597,1.475809036,0.562900171,44.53413655,36.99598394,25.06827309,36.76500928
f69.jpg,0,0.409518911,0.341034974,0.249446115,4.065578141,1.200812065,1.367168914,0.609119892,46.83710407,39.00452489,28.52941176,34.33020267
f71.jpg,0,0.44290994,0.347178001,0.209912059,4.347016416,1.2757431,1.653921186,0.473938469,57.99329759,45.45844504,27.48525469,35.34777451
f72.jpg,0,0.398383452,0.333999182,0.267617366,5.45589209,1.192767746,1.248047494,0.671758237,52.81595092,44.2801636,35.4795501,30.4582719
f73.jpg,0,0.40321463,0.344499468,0.252285903,5.220746915,1.170436148,1.365512159,0.625686381,53.97511312,46.11538462,33.77149321,36.65845465
f74.jpg,0,0.400600196,0.343704067,0.255695737,4.957284457,1.165538133,1.344191617,0.638281608,40.71161826,34.92946058,25.98547718,36.44125106
f76.jpg,0,0.414347878,0.345043714,0.240608407,3.682509211,1.200856184,1.43404679,0.580691781,36.97980998,30.79453682,21.47387173,36.06617647
f77.jpg,0,0.397705967,0.342037057,0.260256976,3.585133972,1.162756953,1.314228202,0.654395452,44.79503106,38.52484472,29.3136646,35.69909729
f78.jpg,0,0.386439021,0.341852589,0.27170839,5.233031185,1.130425901,1.258159856,0.703108059,80.20289855,70.94927536,56.39130435,36.68289714
f79.jpg,0,0.398112777,0.340583842,0.261303381,3.910769444,1.168912698,1.303403884,0.656355174,54.12790698,46.30620155,35.52713178,34.7697437
f81.jpg,0,0.397155796,0.349646461,0.253197744,5.721424113,1.135878209,1.380922498,0.637527506,119.0238095,104.7857143,75.88095238,40.1986755
f82.jpg,0,0.368220914,0.337799909,0.293979176,5.055937104,1.090056285,1.149060671,0.798377182,81.34,74.62,64.94,35.41463415
f83.jpg,0,0.38038055,0.341902748,0.277716702,6.411794687,1.112540193,1.231120585,0.730102268,107.0952381,96.26190476,78.19047619,37.51235585
f84.jpg,0,0.378645002,0.34165095,0.279704048,4.776243294,1.108280255,1.221473029,0.738697318,104.4,94.2,77.12,37.5659824
f86.jpg,0,0.446971215,0.336639284,0.216389501,3.184162196,1.327745263,1.555709877,0.484124019,96.99275362,73.05072464,46.95652174,31.2903693
f87.jpg,0,0.439295855,0.346791596,0.21391255,3.337497399,1.266743081,1.621183966,0.486944157,112.115942,88.50724638,54.5942029,35.37414966
f88.jpg,0,0.420575056,0.349962659,0.229462285,4.004996879,1.201771233,1.525142392,0.545591761,125.1444444,104.1333333,68.27777778,37.83118406
f89.jpg,0,0.40830192,0.345577277,0.246120803,3.454545455,1.181506849,1.404096171,0.602791197,81.71052632,69.15789474,49.25438596,36.79459459
f91.jpg,0,0.431850789,0.345767575,0.222381636,3.820994635,1.248962656,1.55483871,0.514950166,110.3666667,88.36666667,56.83333333,35.34246575
f92.jpg,0,0.418189111,0.342158043,0.239652846,2.718042513,1.22221038,1.427723676,0.573072898,64.42696629,52.71348315,36.92134831,34.44852941
f93.jpg,0,0.401556635,0.350587182,0.247856183,3.211091888,1.145383104,1.414478255,0.617238422,60.10309278,52.4742268,37.09793814,40.10306968
f94.jpg,0,0.491259873,0.344846562,0.163893565,2.639986569,1.424575237,2.104088485,0.333618872,94.26086957,66.16770186,31.44720497,33.16523287
f96.jpg,0,0.495734536,0.333454491,0.170810973,3.597050946,1.486663247,1.952184253,0.344561373,130.258427,87.61797753,44.88202247,30.03355926
f97.jpg,0,0.495296092,0.331140061,0.173563847,2.941176471,1.495729902,1.907886161,0.350424422,101.8255814,68.07751938,35.68217054,29.38646352
f98.jpg,0,0.486860179,0.352443609,0.160696212,3.134984051,1.381384616,2.193229108,0.330066451,123.5642202,89.44954128,40.78440367,35.27319073
f99.jpg,0,0.458300617,0.34623497,0.195464413,2.395755616,1.323669349,1.771345306,0.426498253,50.79863481,38.37713311,21.66552901,34.41776007
f101.jpg,0,0.446814323,0.34947886,0.203706817,3.383191301,1.278516024,1.715597277,0.455909326,66.03416149,51.64906832,30.10559006,35.9771804
f102.jpg,0,0.444512569,0.340942319,0.214545112,3.677294025,1.303776456,1.589140471,0.48265252,73.0620155,56.03875969,35.26356589,32.9778507
f103.jpg,0,0.437339307,0.346883522,0.215777172,4.57016702,1.260767028,1.60760065,0.493386185,69.72981366,55.30745342,34.40372671,35.50417582
f104.jpg,0,0.458707048,0.349019126,0.192273826,3.259259259,1.314274818,1.815219128,0.419164751,68.92461538,52.44307692,28.89076923,35.2985935
f106.jpg,0,0.447333568,0.350383074,0.202283358,3.775355365,1.276698565,1.732139897,0.452198029,55.35892116,43.36099585,25.03319502,36.26188684
f107.jpg,0,0.462159083,0.344131575,0.193709342,3.140586132,1.342972041,1.77653577,0.419139965,56.16819222,41.82379863,23.5423341,33.62019989
f108.jpg,0,0.449359145,0.346837069,0.203803786,4.064422622,1.29559146,1.701818577,0.453543204,69.63729977,53.74942792,31.58352403,34.94933702
f109.jpg,0,0.447142869,0.349286025,0.203571106,4.001952648,1.280162495,1.715793715,0.455270833,62.37643021,48.72540046,28.39816934,35.8945348
f111.jpg,0,0.437713475,0.352841153,0.209445373,3.340732529,1.240539748,1.684645252,0.478498801,45.54307692,36.71230769,21.79230769,37.6914108
f112.jpg,0,0.447151359,0.348043481,0.20480516,3.760850968,1.284757175,1.699388241,0.458022001,69.57400722,54.1534296,31.86642599,35.46290091
f113.jpg,0,0.454219487,0.340034237,0.205746276,3.670452591,1.335805156,1.652687206,0.452966641,142.2826087,106.5144928,64.44927536,32.42714831
f114.jpg,0,0.465092015,0.322085822,0.212822163,3.230769231,1.444000275,1.513403568,0.457591523,151.8188406,105.1376812,69.47101449,25.98732841
f116.jpg,0,0.444298661,0.337778049,0.217923291,4.3674226,1.31535682,1.549985998,0.490488291,127.7280702,97.10526316,62.64912281,31.76708451
f117.jpg,0,0.453002088,0.347660122,0.19933779,2.941176471,1.30300273,1.744075328,0.440037244,83.25581395,63.89534884,36.63565891,35.08313934
f118.jpg,0,0.45242175,0.341177367,0.206400883,3.748250621,1.326060268,1.652984042,0.456213441,81.94137931,61.79310345,37.38275862,32.86952484
f119.jpg,0,0.441023021,0.345734058,0.213242921,4.735133325,1.275613469,1.621315522,0.483518798,64.45022624,50.52488688,31.16289593,34.89974852
f121.jpg,0,0.399741955,0.3356102,0.264647845,5.150787536,1.191090004,1.268138801,0.662046706,125.4047619,105.2857143,83.02380952,31.51685393
f122.jpg,0,0.396364923,0.345951444,0.257683633,4.444444444,1.145724147,1.342543333,0.650117148,121.1216216,105.7162162,78.74324324,38.18877551
f123.jpg,0,0.459277161,0.34696254,0.193760299,4.002550207,1.323708206,1.790679215,0.42188098,117.4382022,88.71910112,49.54494382,34.61977658
f124.jpg,0,0.413577617,0.33754675,0.248875633,5.272727273,1.225245442,1.356286856,0.601762821,76.63157895,62.54385965,46.11403509,32.30238574
f126.jpg,0,0.448594581,0.346679783,0.204725636,4.326661531,1.293973873,1.69338725,0.456371176,83.13898917,64.25090253,37.94223827,34.92551619
f127.jpg,0,0.366535122,0.339857932,0.293606945,7.211102551,1.078495123,1.157526882,0.801033591,129,119.6111111,103.3333333,38.05194805
f130.jpg,0,0.373217505,0.339124734,0.287657761,9.208691547,1.100531658,1.178917378,0.770750988,126.5,114.9444444,97.5,36.09195402
f131.jpg,0,0.374430709,0.340110605,0.285458686,8.836288814,1.100908656,1.191452992,0.762380539,127.8888889,116.1666667,97.5,36.85557587
f133.jpg,0,0.39511335,0.342770781,0.262115869,6.725664867,1.152704292,1.307707092,0.663394109,105.9864865,91.94594595,70.31081081,36.38636364
f134.jpg,0,0.390795151,0.340086295,0.269118554,7.463409364,1.149105848,1.263704382,0.688643533,83.42105263,72.59649123,57.44736842,34.99493414
f135.jpg,0,0.404675238,0.353347804,0.241976958,5.507167047,1.145260373,1.460253933,0.597953458,62.46391753,54.54123711,37.35051546,41.07142857
f136.jpg,0,0.409982935,0.354735495,0.23528157,4.001133626,1.155742634,1.507706256,0.573881374,44.8134715,38.7746114,25.71761658,41.02564103
f138.jpg,0,0.394507121,0.35121752,0.254275359,6.013318551,1.123255814,1.381248745,0.644539337,85.86666667,76.44444444,55.34444444,41.47797597
f139.jpg,0,0.392976769,0.347163695,0.259859535,6.851601597,1.131963897,1.335966736,0.66125928,79.06521739,69.84782609,52.2826087,39.35064935
f141.jpg,0,0.438244221,0.322904506,0.238851272,5.755432217,1.357194505,1.351906158,0.545018647,150.16,110.64,81.84,25.29274005
f142.jpg,0,0.430982456,0.323894737,0.245122807,4.617358552,1.330625067,1.321357,0.568753562,136.4777778,102.5666667,77.62222222,25.42948839
f144.jpg,0,0.43884915,0.357749165,0.203401685,4.336537277,1.226695103,1.758830885,0.463488844,100.0289855,81.54347826,46.36231884,39.33297326
f146.jpg,0,0.409020218,0.351802959,0.239176824,3.503966007,1.162640074,1.47089067,0.584755505,81.94927536,70.48550725,47.92028986,39.78705281
f147.jpg,0,0.45540326,0.342318994,0.202277746,2.716093266,1.330347622,1.692321574,0.444172812,96.71317829,72.69767442,42.95736434,33.19489509
f148.jpg,0,0.446381924,0.344536697,0.20908138,3.006659276,1.295600522,1.647859303,0.468391233,75.78531073,58.49435028,35.49717514,34.24905343
f150.jpg,0,0.371211482,0.332292106,0.296496412,6,1.117123984,1.120728929,0.798726404,104.6904762,93.71428571,83.61904762,28.74576271
f151.jpg,0,0.446373431,0.354280271,0.199346298,2.3,1.259944367,1.777210184,0.446590867,76.77118644,60.93220339,34.28531073,37.63164894
f152.jpg,0,0.460026314,0.358621624,0.181352063,2.666666667,1.282762342,1.97748853,0.394221063,81.9862069,63.9137931,32.32068966,38.16704853
f154.jpg,0,0.423837676,0.354438849,0.221723475,4.928482609,1.195799156,1.598562572,0.523133,59.45733788,49.721843,31.10409556,39.39813422
f156.jpg,0,0.386240568,0.340257435,0.273501997,6.666666667,1.135142186,1.244076598,0.708113077,103.5952381,91.26190476,73.35714286,35.52755906
f157.jpg,0,0.379265721,0.349932899,0.27080138,4,1.083824134,1.292212389,0.714014912,87.92222222,81.12222222,62.77777778,43.77375166
f158.jpg,0,0.394839137,0.34939211,0.255768754,4.004996879,1.130074565,1.366046888,0.64777964,106.0888889,93.87777778,68.72222222,40.39250669
f159.jpg,0,0.372939495,0.33873273,0.288327775,4.019950248,1.100984529,1.174818242,0.773122126,86.97777778,79,67.24444444,35.74324324
f161.jpg,0,0.457806164,0.346635109,0.195558727,2.365383969,1.320714931,1.772537154,0.427164905,59.5158371,45.06334842,25.42307692,34.565001
f162.jpg,0,0.435064806,0.34876243,0.216172764,3.252402958,1.24745319,1.613350473,0.496874857,100.5458716,80.60091743,49.9587156,36.34385201
f163.jpg,0,0.433559386,0.35803817,0.208402444,3.25,1.210930628,1.718013298,0.480677966,94.72477064,78.22477064,45.53211009,39.87504662
f164.jpg,0,0.420568757,0.355512271,0.223918972,3.252402958,1.182993645,1.587682672,0.532419415,99.04587156,83.72477064,52.73394495,40.15055468
f166.jpg,0,0.412386707,0.344923392,0.242689901,4.8,1.19558927,1.421251528,0.588500785,78.80412371,65.91237113,46.37628866,36.14687649
f167.jpg,0,0.432868564,0.346130318,0.221001118,4.24182503,1.250594186,1.566192612,0.510550168,79.53875969,63.60077519,40.60852713,35.43608124
f168.jpg,0,0.421894164,0.355150191,0.222955645,4.736842105,1.187931684,1.592918584,0.528463449,58.75465839,49.45962733,31.04968944,39.86996973
f169.jpg,0,0.425198803,0.354079149,0.220722047,4.154558344,1.200858069,1.604185687,0.519103172,46.80887372,38.97952218,24.29863481,39.13122584
f171.jpg,0,0.417058862,0.352732186,0.230208951,4.496802705,1.182366902,1.532226199,0.551981919,35.74689266,30.23333333,19.73163842,39.34384591
f172.jpg,0,0.419728198,0.346469379,0.233802422,5.62907902,1.211443848,1.481889606,0.557032916,49.47247706,40.83761468,27.55779817,36.35868883
f173.jpg,0,0.416937952,0.33744716,0.245614888,3.818181818,1.235565155,1.37388724,0.58909218,75.27192982,60.92105263,44.34210526,32.16108905
f174.jpg,0,0.415401143,0.347380243,0.237218614,4.2,1.195811077,1.464388637,0.571059128,94.52222222,79.04444444,53.97777778,37.09509455
f176.jpg,0,0.439708423,0.347904291,0.212387286,4.133333333,1.263877551,1.638065522,0.483018462,46.33167082,36.65835411,22.37905237,35.76887038
f177.jpg,0,0.434486979,0.343623218,0.221889803,4.236927789,1.264428468,1.548621042,0.510693792,74.30232558,58.76356589,37.94573643,34.35607676
f178.jpg,0,0.474306964,0.348590411,0.177102625,3.789473684,1.360642604,1.968296124,0.37339242,100.2142857,73.65217391,37.41925466,34.62017804
f179.jpg,0,0.472856288,0.344239671,0.182904041,3.363636364,1.373625204,1.882077992,0.386806829,87.59502262,63.76923077,33.88235294,33.38528284
f181.jpg,0,0.408367906,0.346691973,0.244940121,5.333984335,1.177898358,1.415415209,0.599802575,48.82128514,41.44779116,29.28313253,37.35662898
f182.jpg,0,0.420987459,0.342748839,0.236263702,4.954038756,1.228268082,1.450704602,0.561213158,47.80200861,38.91822095,26.82711621,34.58736619
f183.jpg,0,0.409023008,0.346574645,0.244402347,5.883784194,1.180187339,1.41804958,0.597527136,50.11451943,42.46319018,29.94478528,37.23917672
c1.jpg,1,0.295857111,0.352923738,0.351219151,5.011098793,0.838303234,1.004853345,1.187124248,95.04761905,113.3809524,112.8333333,178.2077922
c3.jpg,1,0.30412544,0.340181117,0.355693443,4.580348441,0.894010352,0.956388496,1.169561621,86.35714286,96.5952381,101,198.0487805
c4.jpg,1,0.301982621,0.344082732,0.353934647,4.865538962,0.877645385,0.972164592,1.172036474,117.5,133.8809524,137.7142857,191.3780919
c5.jpg,1,0.270747826,0.343304348,0.385947826,4.25,0.788652482,0.889509733,1.425488181,77.84,98.7,110.96,202.2101449
c6.jpg,1,0.303434136,0.333931317,0.362634546,5.676462122,0.908672295,0.920848056,1.195101352,84.57142857,93.07142857,101.0714286,209.0909091
c8.jpg,1,0.303469282,0.340167892,0.356362826,6.254998002,0.892116183,0.95455493,1.174296206,81.7,91.58,95.94,198.3707865
c9.jpg,1,0.300840004,0.338294298,0.360865698,4.484498483,0.88928488,0.937452076,1.199526969,58.99612403,66.34108527,70.76744186,202.5617386
c10.jpg,1,0.296555409,0.340655846,0.362788745,4.458254486,0.870542549,0.938992322,1.223342198,52.74660633,60.59049774,64.52714932,200.0499328
c11.jpg,1,0.29331227,0.33324306,0.37344467,4.364583231,0.880175177,0.89234922,1.273198256,44.10633484,50.11085973,56.1561086,210.1013894
c13.jpg,1,0.306615822,0.338561715,0.354822463,4.638404133,0.905642334,0.954172159,1.157221635,61.76086957,68.19565217,71.47101449,200.238806
c14.jpg,1,0.29520034,0.347302846,0.357496814,8.514693183,0.849979616,0.971485149,1.211031176,115.8333333,136.2777778,140.2777778,189.8181818
c15.jpg,1,0.28888335,0.345837487,0.365279163,4.865538962,0.835315316,0.946775844,1.264452114,110.3809524,132.1428571,139.5714286,195.269168
c16.jpg,1,0.289065699,0.360205932,0.350728368,4.222222222,0.802501218,1.027022519,1.213317142,66.77027027,83.2027027,81.01351351,172.0065789
c18.jpg,1,0.251281124,0.377826008,0.370892868,4.204759208,0.665071007,1.018693108,1.476007677,92.62222222,139.2666667,136.7111111,176.7127203
c19.jpg,1,0.258000371,0.370761195,0.371238434,3.856946079,0.695866705,0.99871447,1.438906587,85.35964912,122.6666667,122.8245614,180.2528682
c20.jpg,1,0.234323023,0.377935554,0.387741423,4.727272727,0.620007882,0.974710289,1.654730374,82.79824561,133.5438596,137.0087719,183.8349515
c21.jpg,1,0.25448958,0.372203015,0.373307404,4.011816865,0.683738631,0.997041611,1.466886792,76.8115942,112.3405797,112.673913,180.5576884
c23.jpg,1,0.251408438,0.384347111,0.364244451,4.141926551,0.654118194,1.055190023,1.448815536,72.45876289,110.7731959,104.9793814,170.9269474
c24.jpg,1,0.279852173,0.342525806,0.377622021,3.668349782,0.817025076,0.907059935,1.349362477,37.86206897,46.34137931,51.08965517,201.5380605
c25.jpg,1,0.298994817,0.349191027,0.351814157,4.235359678,0.85625,0.99254399,1.176656373,49.13103448,57.37931034,57.81034483,182.9797378
c26.jpg,1,0.292303553,0.349239722,0.358456725,4.38731361,0.836971098,0.974286985,1.226316687,50.05972696,59.8105802,61.3890785,188.3596927
c28.jpg,1,0.263641842,0.362309461,0.374048698,4.008879034,0.727670322,0.968615752,1.418775925,60.89175258,83.68041237,86.39175258,186.379624
c29.jpg,1,0.30009199,0.335457054,0.364450956,4.844813951,0.894576478,0.920444985,1.214464123,63.82608696,71.34782609,77.51449275,207.0301747
c30.jpg,1,0.296747722,0.360948531,0.342303747,4.5,0.822133066,1.054468535,1.15351769,98.36,119.64,113.46,162.575188
c33.jpg,1,0.315197429,0.338001224,0.346801347,5.25,0.932533394,0.97462489,1.100267055,82.38,88.34,90.64,196.7070218
c35.jpg,1,0.28875322,0.343365449,0.367881332,4.000945068,0.840950132,0.933359263,1.274033697,37.68049793,44.80705394,48.00622407,198.5895118
c36.jpg,1,0.284402696,0.334111695,0.381485609,4.281422487,0.851220416,0.875817297,1.341357218,36.37330317,42.73076923,48.78959276,209.2784257
c37.jpg,1,0.295254426,0.340253962,0.364491612,3.74014142,0.867747208,0.933502861,1.234500079,39.65352697,45.69709544,48.95228216,201.0040161
c38.jpg,1,0.305015918,0.335618218,0.359365863,5.076923077,0.90881812,0.933917917,1.17818724,68.03623188,74.86231884,80.15942029,206.2163778
c41.jpg,1,0.294882321,0.352581646,0.352536033,5.337960955,0.836351875,1.000129384,1.195514307,87.36486486,104.4594595,104.4459459,179.9525692
c42.jpg,1,0.273943606,0.355819155,0.370237239,4.197598684,0.769895611,0.961057174,1.351508966,60.16666667,78.14912281,81.31578947,188.9838241
c43.jpg,1,0.298806222,0.346878894,0.354314884,5.322647698,0.861413673,0.979013046,1.185768092,65.21052632,75.70175439,77.3245614,188.0376539
c44.jpg,1,0.292396964,0.351946796,0.35565624,3.931167973,0.830798765,0.989570141,1.216347243,31.62034384,38.06017192,38.46131805,183.5183246
c46.jpg,1,0.238628464,0.370990168,0.390381369,3.459326835,0.643220453,0.950327546,1.635937987,84.30701754,131.0701754,137.9210526,187.6668848
c47.jpg,1,0.261836721,0.361206729,0.37695655,4.004996879,0.724894363,0.95821847,1.439662657,89.58888889,123.5888889,128.9777778,188.2087447
c48.jpg,1,0.254978864,0.366736393,0.378284743,3.230769231,0.69526469,0.969471805,1.483592548,84.79710145,121.9637681,125.8043478,185.6193674
c49.jpg,1,0.25067807,0.375882712,0.373439218,3.388110084,0.666905025,1.006543218,1.489716346,74.34057971,111.4710145,110.7463768,178.8290398
c51.jpg,1,0.257957874,0.388978694,0.353063432,3.144299813,0.663167104,1.101724672,1.368686393,54.98445596,82.9119171,75.25647668,163.5528757
c52.jpg,1,0.283791812,0.352912308,0.36329588,3.84749269,0.804142575,0.971418414,1.280149267,39.66425993,49.32490975,50.77617329,187.8362573
c53.jpg,1,0.2850374,0.346827244,0.368135356,4.520946524,0.821842587,0.942118811,1.291533521,47.66307692,57.99538462,61.55846154,195.3852967
c54.jpg,1,0.290173947,0.353196753,0.3566293,3.75,0.821564593,0.990375027,1.229019023,37.68473896,45.86947791,46.31526104,183.0991159
c56.jpg,1,0.261782224,0.370438906,0.36777887,4.571428571,0.706681237,1.007232704,1.404903909,107.7857143,152.5238095,151.4285714,178.5311336
c57.jpg,1,0.27353654,0.371085011,0.355378449,3.562493232,0.73712635,1.044196722,1.299199182,79.31081081,107.5945946,103.0405405,170.339226
c58.jpg,1,0.277873508,0.364605272,0.35752122,4.257346591,0.762121477,1.019814352,1.286632981,87.08,114.26,112.04,175.0993377
c59.jpg,1,0.2791973,0.367060383,0.353742316,4.257346591,0.760630438,1.037649063,1.266997626,92.66,121.82,117.4,170.9053498
c61.jpg,1,0.295382433,0.356862891,0.347754675,3.224903099,0.827719665,1.026191498,1.177303172,87.92222222,106.2222222,103.5111111,171.1111111
c62.jpg,1,0.263328135,0.364292728,0.372379137,4.506939094,0.72284763,0.978284473,1.414125905,91.18,126.14,128.94,184.4491525
c63.jpg,1,0.232594411,0.360052159,0.40735343,3.272727273,0.646001988,0.883881496,1.751346598,79.79824561,123.5263158,139.754386,196.2399415
c64.jpg,1,0.240928666,0.366200486,0.392870848,2.575393768,0.657914653,0.932114174,1.630652155,63.48876404,96.5,103.5280899,190.5317806
c66.jpg,1,0.215377691,0.367702783,0.416919526,2.860712056,0.58573854,0.881951457,1.935760027,83.34269663,142.2865169,161.3314607,194.6520674
c67.jpg,1,0.248927987,0.369789134,0.381282879,3.11134591,0.673161984,0.969855073,1.531699521,81.60869565,121.2318841,125,185.2104208
c68.jpg,1,0.251176965,0.361782345,0.387040691,3.333333333,0.694276458,0.934739817,1.540908384,93.17391304,134.2028986,143.5724638,191.1545651
c69.jpg,1,0.289470874,0.356425864,0.354103262,4.249182928,0.812148903,1.006559107,1.223277691,78.57246377,96.74637681,96.11594203,177.9186603
c71.jpg,1,0.300562062,0.355009891,0.344428047,4.813891744,0.846630108,1.030722946,1.145946511,83.96491228,99.1754386,96.21929825,168.3391003
c72.jpg,1,0.288097635,0.360070679,0.351831686,4.031128874,0.800114123,1.023417426,1.221223791,64.32110092,80.38990826,78.55045872,173.1316015
c73.jpg,1,0.273534468,0.364687435,0.361778097,3.084597093,0.750051803,1.008041775,1.322605152,37.51036269,50.01036269,49.61139896,178.0849741
c74.jpg,1,0.292593787,0.356739761,0.350666452,4.418144407,0.820188324,1.017319335,1.198475386,56.12371134,68.42783505,67.2628866,174.3192292
c76.jpg,1,0.287547348,0.330705492,0.381747159,3.794003646,0.869496743,0.866294574,1.327597563,47.07751938,54.14341085,62.5,212.5106811
c77.jpg,1,0.28443145,0.351571473,0.363997076,4.596361954,0.809028809,0.965863454,1.279735683,47.20970537,58.35355286,60.41594454,189.3700787
c78.jpg,1,0.283797436,0.35825914,0.357943424,4.229657197,0.792156863,1.000882029,1.261263767,50.78531073,64.11016949,64.05367232,179.745601
c79.jpg,1,0.295559644,0.361079343,0.343361013,4.204759208,0.81854487,1.051602626,1.161731718,50.37288136,61.53954802,58.51977401,163.7743486
c81.jpg,1,0.296525531,0.357645238,0.345829231,4.678556283,0.829105211,1.034167175,1.166271347,58.15172414,70.13793103,67.82068966,168.4004603
c82.jpg,1,0.286679414,0.347163799,0.366156788,5.666666667,0.825775656,0.948128808,1.277234326,107.0952381,129.6904762,136.7857143,194.3384122
c83.jpg,1,0.30435733,0.341372777,0.354269892,5.666666667,0.891568837,0.963595228,1.163993297,99.45238095,111.547619,115.7619048,195.5036496
c84.jpg,1,0.310806267,0.336897317,0.352296416,4.857142857,0.92255489,0.956289369,1.133491995,110.047619,119.2857143,124.7380952,202.2690438
c86.jpg,1,0.284774775,0.340540541,0.374684685,5.666666667,0.836243386,0.908872325,1.315722872,75.26190476,90,99.02380952,202.7855711
c87.jpg,1,0.302514059,0.332285809,0.365200132,6.4,0.910403186,0.909873188,1.207217059,101.6111111,111.6111111,122.6666667,211.5039578
c88.jpg,1,0.28874282,0.349558832,0.361698348,4.5,0.826020667,0.966437459,1.25266612,97.52,118.06,122.16,189.9837662
c89.jpg,1,0.295413534,0.341954887,0.362631579,4.75,0.863896218,0.942981547,1.227538814,78.58,90.96,96.46,198.4563758
c91.jpg,1,0.272986865,0.356474872,0.370538264,3.666666667,0.765795534,0.962046046,1.357348326,55.42028986,72.36956522,75.22463768,188.6498353
c92.jpg,1,0.299110841,0.351852875,0.349036284,5.75,0.850102025,1.00806962,1.166912851,108.32,127.42,126.4,176.7958115
c93.jpg,1,0.30598085,0.345251862,0.348767288,5.130398391,0.886254019,0.989920425,1.139833711,89.39189189,100.8648649,101.8918919,184.9297297
c94.jpg,1,0.272986865,0.356474872,0.370538264,3.666666667,0.765795534,0.962046046,1.357348326,55.42028986,72.36956522,75.22463768,188.6498353
c96.jpg,1,0.27675399,0.354832882,0.368413129,3.836954811,0.779955872,0.963138537,1.331193559,66.60144928,85.39130435,88.65942029,188.8896189
c97.jpg,1,0.292906272,0.351756135,0.355337593,4.909049341,0.83269698,0.989920971,1.213144366,97.25675676,116.7972973,117.9864865,183.4419817
c98.jpg,1,0.299467223,0.343015983,0.357516794,4.617358552,0.873041599,0.959440197,1.193842822,71.82222222,82.26666667,85.74444444,194.9880287
c99.jpg,1,0.29153911,0.350947247,0.357513643,4.016494915,0.830720607,0.98163316,1.226297367,57.64035088,69.38596491,70.68421053,185.9717552
c101.jpg,1,0.294209177,0.354771784,0.351019038,4.310438685,0.829291366,1.010691004,1.193093436,69.87681159,84.26086957,83.36956522,176.2821159
c102.jpg,1,0.28807662,0.334026831,0.377896549,4.503085362,0.862435567,0.883910774,1.311791807,58.19565217,67.47826087,76.34057971,209.3051118
c103.jpg,1,0.279152535,0.37202194,0.348825524,4.040610178,0.750365785,1.06649862,1.249587521,74.91011236,99.83146067,93.60674157,165.0135257
c104.jpg,1,0.307705263,0.344505263,0.347789474,5.230769231,0.893180152,0.990556901,1.130268199,79.43478261,88.93478261,89.7826087,184.9159664
c106.jpg,1,0.287645658,0.365134305,0.347220037,4.416666667,0.787780427,1.051593415,1.207110301,55.07028112,69.90562249,66.47590361,166.1288576
c107.jpg,1,0.28425114,0.363661873,0.352086987,4.5,0.781635802,1.032875075,1.238647581,81.04,103.68,100.38,171.254417
c108.jpg,1,0.296576945,0.345072975,0.358350081,3.398572621,0.859461524,0.962949343,1.208287047,65.23188406,75.89855072,78.81884058,192.896
c109.jpg,1,0.300978474,0.344161774,0.354859752,5.003998401,0.874526156,0.969852941,1.179020373,76.9,87.93333333,90.66666667,191.9128329
c111.jpg,1,0.288557116,0.350366835,0.361076049,4.112612339,0.823585702,0.970340835,1.251315699,50.45172414,61.25862069,63.13103448,188.8604841
c112.jpg,1,0.29151813,0.349336596,0.359145274,5.111111111,0.834490671,0.972688829,1.231982634,47.65517241,57.10689655,58.71034483,188.7024329
c113.jpg,1,0.300248094,0.350935333,0.348816573,4.671954676,0.855565303,1.006074136,1.161761158,57.17241379,66.82413793,66.42068966,177.4919614
c114.jpg,1,0.29447672,0.350109455,0.355413825,4.219004622,0.84109902,0.985075511,1.206933524,39.51977401,46.98587571,47.69774011,185.2227979
c116.jpg,1,0.298990602,0.338531152,0.362478246,5,0.883199671,0.933935087,1.21233993,102.2619048,115.7857143,123.9761905,202.6315789
c117.jpg,1,0.301421423,0.336004959,0.362573617,2.727272727,0.897074328,0.926722032,1.202879389,59.71052632,66.56140351,71.8245614,206.0680666
c118.jpg,1,0.276558745,0.351966612,0.371474643,2.909090909,0.785752785,0.947484892,1.343203384,76.72807018,97.64912281,103.0614035,192.3317788
c119.jpg,1,0.304111191,0.345313062,0.350575747,3.555555556,0.880682559,0.984988452,1.152788049,91.36486486,103.7432432,105.3243243,186.7957406
c121.jpg,1,0.309770138,0.341532144,0.348697717,3.8,0.907001414,0.979450473,1.125666017,85.5,94.26666667,96.24444444,191.0444674
c122.jpg,1,0.2996963,0.345941469,0.354362231,3.230769231,0.86632083,0.976236852,1.182404422,62.92753623,72.63768116,74.4057971,189.2424242
c123.jpg,1,0.282537658,0.362423953,0.355038389,3.849229539,0.779577775,1.020802155,1.256605548,77.06521739,98.85507246,96.84057971,174.4529431
c124.jpg,1,0.296058417,0.354849026,0.349092557,4.002957487,0.834322193,1.016489808,1.179134036,80.5,96.48550725,94.92028986,174.1251133
c126.jpg,1,0.280017785,0.357828574,0.362153641,3.067859955,0.782547303,0.988057369,1.29332371,53.70155039,68.62403101,69.45348837,183.1594488
c127.jpg,1,0.292006557,0.358808215,0.349185228,3.644344934,0.813823498,1.027558403,1.195812971,69.4587156,85.34862385,83.05963303,171.3568129
c128.jpg,1,0.24486958,0.358855505,0.396274915,3.047619048,0.682362612,0.905572097,1.618310101,45.16321244,66.1865285,73.0880829,194.8288338
c129.jpg,1,0.268988187,0.365980093,0.36503172,2.84853468,0.734980376,1.002598058,1.357054837,39.16085791,53.28150134,53.14343164,179.4133283
c131.jpg,1,0.278377397,0.356701984,0.364920619,3.4,0.780420098,0.977478293,1.310884515,93.71111111,120.0777778,122.8444444,185.6979405
c132.jpg,1,0.268007996,0.366888072,0.365103932,2.860712056,0.730489805,1.004886665,1.362287456,70.04494382,95.88764045,95.42134831,178.9173913
c133.jpg,1,0.258960466,0.368452739,0.372586795,3.076923077,0.702832244,0.988904449,1.438778673,93.50724638,133.0434783,134.5362319,182.1829742
c134.jpg,1,0.243431961,0.364669408,0.391898632,3.002056908,0.667541493,0.930519727,1.609889805,62.27241379,93.2862069,100.2517241,191.0041765
c136.jpg,1,0.254898367,0.37679107,0.368310563,3.094810927,0.6764979,1.023025423,1.444931041,59.29844961,87.65503876,85.68217054,175.8255878
c137.jpg,1,0.25693518,0.374783395,0.368281425,3.061085137,0.685556465,1.017654897,1.433363175,64.94186047,94.72868217,93.08527132,176.6896552
c138.jpg,1,0.256756757,0.369690138,0.373553106,3.001666204,0.694518816,0.989658852,1.454891042,52.75988701,75.96610169,76.75988701,181.9844633
c139.jpg,1,0.275135799,0.377603126,0.347261075,3.264855246,0.728637504,1.08737533,1.262144279,57.72981366,79.22981366,72.86335404,162.2331359
c141.jpg,1,0.276827086,0.375947207,0.347225707,3.286490592,0.736345636,1.08271709,1.254305396,47.41833811,64.39684814,59.47707736,162.6141254
c142.jpg,1,0.276995718,0.38088912,0.342115161,3.214285714,0.727234525,1.113335985,1.235091876,49.58739255,68.18624642,61.24498567,157.6074565
c143.jpg,1,0.277106075,0.335398558,0.387495367,3.722222222,0.826199362,0.865555014,1.398364751,34.33882149,41.56239168,48.01819757,208.3162296
c144.jpg,1,0.269955395,0.323906301,0.406138304,3,0.833436691,0.797527093,1.504464481,26.53542393,31.83855981,39.92160279,216.2300985
c146.jpg,1,0.229763029,0.349973305,0.420263666,2.78627235,0.656515872,0.832746995,1.829117883,81.07971014,123.5,148.3043478,202.1386224
c147.jpg,1,0.228036213,0.373166046,0.398797741,2.761340254,0.611085108,0.935727582,1.748835131,71.86697248,117.6055046,125.6834862,189.0061371
c148.jpg,1,0.23122648,0.376368457,0.392405063,2.730041208,0.614362004,0.959132519,1.697059368,74.40825688,121.1146789,126.2752294,185.9697533
c149.jpg,1,0.234673315,0.377870374,0.387456311,4.124364269,0.621041849,0.975259307,1.651045457,79.89534884,128.6472868,131.9108527,183.7645306
c151.jpg,1,0.250015073,0.368624141,0.381360786,3.313546716,0.678238469,0.966602111,1.525351178,93.18539326,137.3932584,142.1404494,185.8182235
c152.jpg,1,0.222659057,0.360549385,0.416791558,2.8,0.617554948,0.865059232,1.871882347,61.2740113,99.22033898,114.6977401,197.3826142
c153.jpg,1,0.253862348,0.376111188,0.370026464,2.96969697,0.674966223,1.016444024,1.457587023,39.33231084,58.27300613,57.33026585,177.013604
c154.jpg,1,0.249208658,0.376054342,0.374737,2.722222222,0.662693208,1.003515378,1.503707786,34.58925477,52.194974,52.01213172,179.3768765
c156.jpg,1,0.26297538,0.379858817,0.357165803,3.385637989,0.692297684,1.063536358,1.358172023,42.79624665,61.81769437,58.12466488,168.3509514
c157.jpg,1,0.26687046,0.382862592,0.350266947,3.321819194,0.697039788,1.093059438,1.312498006,42.01206434,60.27211796,55.14075067,163.1390398
c158.jpg,1,0.263836399,0.377970941,0.35819266,3.041381265,0.698033552,1.055216882,1.357631705,43.13272311,61.79176201,58.5583524,169.602649
c159.jpg,1,0.271927841,0.382067933,0.346004225,3.313217145,0.711726417,1.104229097,1.272411915,46.75737265,65.69571046,59.49463807,160.3539071
c161.jpg,1,0.269773913,0.377113013,0.353113075,3.506553631,0.715366226,1.067966721,1.308922244,49.72922636,69.51575931,65.09169054,166.5846065
c162.jpg,1,0.269506928,0.379924674,0.350568398,3.31106314,0.709369373,1.083739084,1.300776943,52.27747989,73.69571046,68.00134048,164.0480661
c163.jpg,1,0.261903708,0.378935064,0.359161228,4.019950248,0.691157226,1.055055598,1.371348391,53.38628159,77.24187726,73.21119134,169.8622881
c164.jpg,1,0.291758242,0.354615385,0.353626374,8,0.822745584,1.002796768,1.212052731,147.5,179.2777778,178.7777778,179.0559441
c166.jpg,1,0.293917771,0.338294257,0.367787972,5.343739847,0.868822821,0.919807834,1.25132948,102.9761905,118.5238095,128.8571429,203.9558418
c167.jpg,1,0.297524633,0.342545862,0.359929504,4.857142857,0.868568756,0.951702648,1.209746904,88.42857143,101.8095238,106.9761905,196.7137356
c168.jpg,1,0.293468577,0.350490028,0.356041395,5.458563764,0.837309347,0.984408085,1.213218122,101.952381,121.7619048,123.6904762,185.3231106
c169.jpg,1,0.291006683,0.344682419,0.364310898,3.622154055,0.844274809,0.946121624,1.251898734,61.44444444,72.77777778,76.92222222,196.0660445
c171.jpg,1,0.302910275,0.346446913,0.350642812,3.847798794,0.874333882,0.988033697,1.157579787,65.39130435,74.78985507,75.69565217,185.2742616
c172.jpg,1,0.300664503,0.347179725,0.352155772,3.591574625,0.866019763,0.985869756,1.171258224,70.49275362,81.39855072,82.56521739,185.7983193
c173.jpg,1,0.263961471,0.346381118,0.38965741,4.810289897,0.762055024,0.888937588,1.476190476,56,73.48550725,82.66666667,200.6576087
c174.jpg,1,0.272603953,0.342921211,0.384474835,4.464190193,0.794946315,0.891921083,1.410378796,71.35507246,89.76086957,100.6376812,202.2865627
c176.jpg,1,0.304322744,0.346619292,0.349057964,3.938767433,0.877974051,0.99301356,1.146999268,46.60843373,53.08634538,53.45983936,183.2708089
c177.jpg,1,0.286915628,0.344829979,0.368254393,4.107689107,0.83204955,0.936390672,1.28349367,43.01560178,51.69836553,55.2102526,197.2791519
c178.jpg,1,0.301996928,0.345410906,0.352592166,4.2118419,0.87431208,0.979632958,1.167535605,48.8447205,55.86645963,57.02795031,188.516129
c179.jpg,1,0.241383035,0.375541725,0.383075241,3.302510317,0.642759563,0.980334109,1.58700151,69.29844961,107.8139535,109.9767442,183.1900905
s10.jpg,2,0.32358818,0.379745504,0.296666316,7.333333333,0.852118527,1.280042538,0.91680208,73.26190476,85.97619048,67.16666667,100.556962
s100.jpg,2,0.332237707,0.40645543,0.261306863,7.017834424,0.817402555,1.555471698,0.786505738,101.08,123.66,79.5,90.67934783
s101.jpg,2,0.332163501,0.401527663,0.266308836,7.017834424,0.827249357,1.507751938,0.801740211,96.54,116.7,77.4,90.77862595
s102.jpg,2,0.323067551,0.389603357,0.287329092,9.339283817,0.829221682,1.355948173,0.88937775,113.6428571,137.047619,101.0714286,99.03375248
s104.jpg,2,0.319950707,0.439097159,0.240952134,10.8609016,0.728655835,1.822341857,0.753091425,117.452381,161.1904762,88.45238095,96.07855974
s105.jpg,2,0.298828602,0.454079557,0.247091841,7.402702209,0.658097456,1.837695473,0.826868109,81.63333333,124.0444444,67.5,105.0029475
s106.jpg,2,0.323615419,0.41590607,0.260478511,7.211102551,0.778097369,1.596700119,0.804901424,81.15555556,104.3,65.32222222,95.62713797
s107.jpg,2,0.329745865,0.407163983,0.263090152,8.283853102,0.809860102,1.547621526,0.797857321,62.06701031,76.63917526,49.52061856,92.24101882
s109.jpg,2,0.33288335,0.404936962,0.262179688,7.566372975,0.82206215,1.544501655,0.787602288,63.3440367,77.05504587,49.88990826,90.28368794
s11.jpg,2,0.390615155,0.379472724,0.229912121,8.910667764,1.02936293,1.650512043,0.588589863,130.8777778,127.1444444,77.03333333,55.83986793
s110.jpg,2,0.330103483,0.422876692,0.247019825,6.02303979,0.780614039,1.711913979,0.748310267,48.24534161,61.80434783,36.10248447,91.65297245
s111.jpg,2,0.335396454,0.406323185,0.258280361,8.027729719,0.825442569,1.573186528,0.770074813,72.64492754,88.00724638,55.94202899,88.74576271
s113.jpg,2,0.335906437,0.405219042,0.258874521,8.97765771,0.828950276,1.565310641,0.770674487,58.24534161,70.26397516,44.88819876,88.41757435
s115.jpg,2,0.335912824,0.3730259,0.291061276,8.409518417,0.900508044,1.281606077,0.866478608,118.1666667,131.2222222,102.3888889,87.16763006
s116.jpg,2,0.315388358,0.398248743,0.286362899,8.8,0.791938111,1.390713476,0.907969151,108.0555556,136.4444444,98.11111111,104.4347826
s117.jpg,2,0.33856746,0.356323228,0.305109313,8.409518417,0.950169491,1.167854315,0.90117731,155.7222222,163.8888889,140.3333333,80.80188679
s12.jpg,2,0.329901908,0.411070389,0.259027703,5.559998224,0.802543595,1.586974615,0.785165823,82.71621622,103.0675676,64.94594595,92.03119461
s121.jpg,2,0.344823564,0.387693205,0.267483231,8.027729719,0.8894238,1.449411252,0.775710419,79.89189189,89.82432432,61.97297297,81.39737991
s122.jpg,2,0.332147286,0.403795353,0.264057362,8.003085825,0.822563418,1.52919559,0.795000812,83.25675676,101.2162162,66.18918919,90.76388889
s123.jpg,2,0.33299686,0.416947061,0.250056079,7,0.79865501,1.667414218,0.750926238,66.71910112,83.53932584,50.1011236,90.18145161
s125.jpg,2,0.333743429,0.404624762,0.261631809,8.290638931,0.824822058,1.546542695,0.783930965,67.05617978,81.29775281,52.56741573,89.74188502
s126.jpg,2,0.339076307,0.413688657,0.247235036,8.695652174,0.819641298,1.67326065,0.729142764,50.63070539,61.77178423,36.91701245,86.89482471
s127.jpg,2,0.333745795,0.398631143,0.267623062,8.334999833,0.837229605,1.489524635,0.801876955,62.54347826,74.70289855,50.15217391,89.71664699
s128.jpg,2,0.338788034,0.395391204,0.265820762,7.594766183,0.856842616,1.487435373,0.784622642,76.8115942,89.64492754,60.26811594,86.21114948
s13.jpg,2,0.327262659,0.393096659,0.279640682,7.428571429,0.832524652,1.405720572,0.854483926,126.6428571,152.1190476,108.2142857,94.81561822
s130.jpg,2,0.330565315,0.402166023,0.267268662,6.731682966,0.821962313,1.504725693,0.808519982,58.68556701,71.39690722,47.44845361,91.84674989
s131.jpg,2,0.303418136,0.394178243,0.302403621,6.666666667,0.769748564,1.303483871,0.996656379,92.57142857,120.2619048,92.26190476,119.3367347
s132.jpg,2,0.291157944,0.469476631,0.239365425,5,0.620175584,1.961338532,0.822115385,74.88,120.74,61.56,106.4954376
s134.jpg,2,0.317417619,0.395292535,0.287289845,7.6,0.802994216,1.375936329,0.905084746,131.1111111,163.2777778,118.6666667,103.2627646
s135.jpg,2,0.316971119,0.457597714,0.225431166,5.714285714,0.692685102,2.029877773,0.711204121,73.95238095,106.7619048,52.5952381,96.34285714
s136.jpg,2,0.302975276,0.445034223,0.251990501,8.409518417,0.68079096,1.766075388,0.831719686,120.5,177,100.2222222,104.1534009
s137.jpg,2,0.302975276,0.445034223,0.251990501,8.409518417,0.68079096,1.766075388,0.831719686,120.5,177,100.2222222,104.1534009
s139.jpg,2,0.303345653,0.505349154,0.191305194,6.005206075,0.600269438,2.641586172,0.63065085,62.38,103.92,39.34,98.59399195
s14.jpg,2,0.305728088,0.424660686,0.269611226,7.428571429,0.719934994,1.575085325,0.881866065,94.92857143,131.8571429,83.71428571,106.0237389
s140.jpg,2,0.31410602,0.40557053,0.28032345,8.006941433,0.774479397,1.446794872,0.892448513,83.23809524,107.4761905,74.28571429,103.8163558
s141.jpg,2,0.308954266,0.408486848,0.282558886,8.027729719,0.756338344,1.445669802,0.914565411,80.26190476,106.1190476,73.4047619,107.4235808
s143.jpg,2,0.319245283,0.475072142,0.205682575,5.955597015,0.671993272,2.309734513,0.644277569,49.59310345,73.8,31.95172414,94.70665788
s144.jpg,2,0.321239892,0.452237197,0.226522911,8.439460279,0.710334962,1.996430271,0.705151871,66.95505618,94.25842697,47.21348315,94.82206831
s145.jpg,2,0.33425501,0.408682763,0.257062227,7.259691798,0.817883797,1.589820359,0.769060208,53.78899083,65.76605505,41.36697248,89.45290468
s146.jpg,2,0.336720832,0.392496996,0.270782173,7.254309064,0.857894036,1.449493488,0.804174102,59.12385321,68.91743119,47.54587156,87.49517064
s148.jpg,2,0.341489268,0.425757442,0.23275329,6.212889827,0.802074689,1.829222012,0.681583032,54.60451977,68.07909605,37.21751412,86.19679634
s149.jpg,2,0.340943725,0.41445793,0.244598345,6.930588565,0.822625652,1.694442899,0.717415596,56.69230769,68.91628959,40.6719457,85.96763858
s15.jpg,2,0.315800135,0.468332208,0.215867657,4.666666667,0.674307958,2.169533938,0.683557836,33.89130435,50.26086957,23.16666667,96.25033431
s150.jpg,2,0.330027051,0.429215509,0.240757439,7,0.768907563,1.782771536,0.729508197,66.30434783,86.23188406,48.36956522,91.57894737
s152.jpg,2,0.321558768,0.405405405,0.273035827,11,0.793178294,1.48480663,0.84910086,142.1111111,179.1666667,120.6666667,98.00569801
s153.jpg,2,0.334780388,0.3965143,0.268705312,7.04006392,0.844308485,1.475647422,0.802631579,104.88,124.22,84.18,88.98101898
s154.jpg,2,0.336037715,0.396191938,0.267770347,5.86434417,0.848168988,1.479596015,0.796846112,66.63043478,78.55797101,53.0942029,88.10472396
s155.jpg,2,0.341909078,0.373191054,0.284899868,10.63302518,0.916177047,1.309902514,0.833262078,111.3809524,121.5714286,92.80952381,81.25827815
s157.jpg,2,0.348009702,0.401198459,0.250791839,5.130398391,0.86742532,1.599726931,0.720646114,42.05517241,48.48275862,30.30689655,81.2179852
s158.jpg,2,0.339783695,0.410883166,0.249333139,7.77516077,0.826959396,1.647928419,0.7337996,64.27522936,77.72477064,47.16513761,86.40648454
s159.jpg,2,0.341957057,0.396087897,0.261955046,7.899762655,0.863336296,1.512045302,0.766046614,62.38990826,72.26605505,47.79357798,84.21368322
s16.jpg,2,0.317532012,0.428345904,0.254122084,7.555555556,0.741298116,1.685591027,0.800303825,97.85135135,132,78.31081081,98.16259753
s162.jpg,2,0.318554239,0.423662156,0.257783604,8.8,0.751906288,1.643479839,0.809229865,75.6,100.5444444,61.17777778,98.01862828
s164.jpg,2,0.30435632,0.439994791,0.25564889,10.28968177,0.691727098,1.721090168,0.839965768,111.2857143,160.8809524,93.47619048,104.1469445
s165.jpg,2,0.301555895,0.427826243,0.270617861,9.160696881,0.704856001,1.580923896,0.897405309,79.83333333,113.2619048,71.64285714,108.1922197
s167.jpg,2,0.328710759,0.349131363,0.322157879,5.614267539,0.941510257,1.083727531,0.980064905,119.8333333,127.2777778,117.4444444,105.4237288
s169.jpg,2,0.314223279,0.424705958,0.261070763,7.555555556,0.739860775,1.626784835,0.830844753,66.06756757,89.2972973,54.89189189,100.5106049
s17.jpg,2,0.322299357,0.424017948,0.253682696,6.181818182,0.760107817,1.671450025,0.787102706,66.78947368,87.86842105,52.57017544,95.83001988
s170.jpg,2,0.28926513,0.49504683,0.21568804,12.00462874,0.584318719,2.29519833,0.745641345,76.47619048,130.8809524,57.02380952,104.1972921
s171.jpg,2,0.342208148,0.419696614,0.238095238,9.339283817,0.815370284,1.76272578,0.695761453,60.36551724,74.03448276,42,85.60172228
s173.jpg,2,0.336313013,0.407092614,0.256594373,10.66666667,0.826133909,1.586521988,0.762962963,109.2857143,132.2857143,83.38095238,88.218111
s175.jpg,2,0.30552659,0.394290928,0.300182482,12.82497563,0.774876033,1.313504126,0.982508532,130.2222222,168.0555556,127.9444444,116.5927978
s18.jpg,2,0.321233433,0.412767108,0.265999459,6.802940541,0.778243775,1.551759203,0.828056585,65.97777778,84.77777778,54.63333333,97.41983045
s19.jpg,2,0.335248411,0.407016718,0.257734872,6.802940541,0.823672336,1.579207016,0.768787751,79.1,96.03333333,60.81111111,88.84542587
s20.jpg,2,0.325038547,0.425603906,0.249357547,7.011419257,0.763711382,1.706801786,0.767162999,84.32222222,110.4111111,64.68888889,94.23572296
s21.jpg,2,0.313094549,0.433782778,0.253122674,8.234225473,0.721777269,1.71372549,0.808454425,102.2972973,141.7297297,82.7027027,100.0824176
s22.jpg,2,0.333277741,0.40707694,0.259645319,7.298308443,0.818709457,1.567819291,0.779065888,67.35955056,82.2752809,52.47752809,90.03393665
s23.jpg,2,0.331775364,0.420994694,0.247229942,6.001153292,0.788074928,1.702846715,0.745172695,71.25968992,90.42248062,53.10077519,90.80693738
s25.jpg,2,0.331525795,0.429605033,0.238869172,5.609135406,0.77169905,1.79849509,0.720514588,39.28700361,50.90974729,28.30685921,90.8528989
s26.jpg,2,0.312981232,0.448568335,0.238450433,5.505678886,0.697733673,1.881180626,0.761868153,104.06,149.14,79.28,98.71743487
s27.jpg,2,0.318912423,0.418056181,0.263031396,7.340905182,0.76284585,1.589377498,0.82477626,101.0952381,132.5238095,83.38095238,98.37209302
s28.jpg,2,0.330384982,0.417117404,0.252497614,7.450517035,0.792067124,1.651965726,0.764252697,123.6190476,156.0714286,94.47619048,91.61190568
s3.jpg,2,0.330396476,0.384140969,0.285462555,7.007932014,0.860091743,1.345679012,0.864,89.28571429,103.8095238,77.14285714,92.67857143
s30.jpg,2,0.316279628,0.456772853,0.22694752,7.274999645,0.692422121,2.012680521,0.717553393,69.4122807,100.245614,49.80701754,96.67826087
s31.jpg,2,0.334741523,0.386826014,0.278432462,8.899993064,0.865354218,1.389299261,0.831783461,81.37837838,94.04054054,67.68918919,88.83076923
s32.jpg,2,0.340543275,0.385945077,0.273511648,7.889543584,0.882362011,1.411073643,0.803162677,64.30337079,72.87640449,51.64606742,84.22863191
s34.jpg,2,0.340557371,0.392934213,0.266508416,7.017834424,0.866703279,1.474378253,0.782565402,50.67431193,58.46788991,39.6559633,84.85735187
s35.jpg,2,0.342708593,0.406135487,0.25115592,6.111111111,0.843828239,1.617065159,0.732855623,61.59655172,72.99655172,45.14137931,84.55558307
s36.jpg,2,0.333432177,0.397087411,0.269480413,6.617173282,0.839694656,1.473529771,0.808201581,73.33333333,87.33333333,59.26811594,89.9302866
s37.jpg,2,0.335522662,0.426315408,0.23816193,5.739531533,0.78702917,1.790023319,0.709823678,71.62371134,91.00515464,50.84020619,88.95277207
s39.jpg,2,0.310822999,0.43957159,0.249605411,7,0.707104386,1.761065944,0.80304679,110.28,155.96,88.56,100.6646884
s4.jpg,2,0.333906022,0.401769608,0.264324371,7,0.831088304,1.519987001,0.791613069,92.54761905,111.3571429,73.26190476,89.625
s40.jpg,2,0.348622366,0.40402871,0.247348923,7.471427054,0.862865329,1.633436301,0.709503885,77.61340206,89.94845361,55.06701031,81.21767401
s42.jpg,2,0.333622309,0.357896258,0.308481433,8.009993758,0.93217602,1.160187354,0.924642702,128.2777778,137.6111111,118.6111111,89.47368421
s44.jpg,2,0.33682134,0.387340252,0.275838408,6.333333333,0.869574845,1.404228855,0.81894576,93.5,107.5238095,76.57142857,87.18461538
s45.jpg,2,0.331828733,0.368068094,0.300103173,10.5,0.901541695,1.226471852,0.904391761,142.9444444,158.5555556,129.2777778,91.99240987
s46.jpg,2,0.327892291,0.367449065,0.304658644,10.0124922,0.892347601,1.206100899,0.929142442,152.8888889,171.3333333,142.0555556,97.79886148
s47.jpg,2,0.332764505,0.370700971,0.296534524,9.2,0.897662889,1.250110669,0.891124261,140.8333333,156.8888889,125.5,90.69026549
s49.jpg,2,0.3270697,0.417602209,0.25532809,6.5,0.783208741,1.635551375,0.780653451,108.96,139.12,85.06,93.47391787
s5.jpg,2,0.336592898,0.383299022,0.28010808,11,0.878147029,1.368396877,0.832186544,145.3333333,165.5,120.9444444,87.15710723
s50.jpg,2,0.307955908,0.485293278,0.206750814,6.222222222,0.63457691,2.347237569,0.671364985,72.86486486,114.8243243,48.91891892,98.19971294
s51.jpg,2,0.318481963,0.427608257,0.25390978,7.719574906,0.744798439,1.684095264,0.797250109,109.0952381,146.4761905,86.97619048,97.69507803
s53.jpg,2,0.335998302,0.373708787,0.290292911,9.339283817,0.899091253,1.287350719,0.863971362,113.0714286,125.7619048,97.69047619,87.12468193
s54.jpg,2,0.337900136,0.368157912,0.293941952,9.006170724,0.917813051,1.252485089,0.869907763,123.9047619,135,107.7857143,84.46194226
s55.jpg,2,0.335782821,0.392019494,0.272197685,5.854245412,0.856546232,1.440201427,0.810636127,63.9057971,74.60869565,51.80434783,88.16015253
s56.jpg,2,0.338470027,0.387380286,0.274149687,8.444444444,0.873740971,1.413024727,0.809967396,116.0540541,132.8243243,94,85.91715976
s58.jpg,2,0.330669668,0.383642844,0.285687488,6.727272727,0.861920594,1.342875903,0.863966417,77.31578947,89.70175439,66.79824561,92.44733818
s59.jpg,2,0.33858079,0.390842257,0.270576954,7.665507159,0.866285013,1.44447726,0.799150342,94.15555556,108.6888889,75.24444444,86.0730897
s6.jpg,2,0.31493978,0.392756471,0.29230375,7.007932014,0.801870378,1.343658679,0.928125848,87.78571429,109.4761905,81.47619048,106.4795918
s60.jpg,2,0.334964636,0.395099387,0.269935977,6.315192539,0.847798422,1.463678132,0.805864105,72.41304348,85.41304348,58.35507246,88.82699518
s62.jpg,2,0.336347245,0.39502572,0.268627035,8.009993758,0.851456571,1.470535979,0.798659834,65.38659794,76.79381443,52.22164948,87.85399622
s63.jpg,2,0.339977999,0.39061302,0.26940898,7.847661997,0.87037037,1.449888641,0.79243063,73.9057971,84.91304348,58.56521739,85.0660066
s65.jpg,2,0.328178415,0.345596614,0.326224971,6.006798869,0.949599623,1.059381238,0.994047619,144,151.6428571,143.1428571,113.9495798
s66.jpg,2,0.328334304,0.38075131,0.290914386,12.56025477,0.862332696,1.308808809,0.886031042,125.2777778,145.2777778,111,95.00810373
s68.jpg,2,0.309829394,0.423775239,0.266395367,13.33749935,0.731117267,1.590775558,0.859813084,94.26190476,128.9285714,81.04761905,103.4410741
s69.jpg,2,0.342884821,0.378932341,0.278182838,9.333333333,0.904870829,1.362170088,0.811301115,90.87837838,100.4324324,73.72972973,81.46761134
s7.jpg,2,0.323339119,0.405554679,0.271106202,7.007932014,0.797276264,1.495925495,0.838457784,97.57142857,122.3809524,81.80952381,96.69014085
s70.jpg,2,0.337706696,0.37565736,0.286635945,9.25,0.898975321,1.310573104,0.848771873,124.58,138.58,105.74,85.57856273
s72.jpg,2,0.321319839,0.392824817,0.285855344,9.714285714,0.81797235,1.374208406,0.889628681,92.97619048,113.6666667,82.71428571,100.1076923
s73.jpg,2,0.335514647,0.381750352,0.282735001,8.003905297,0.878884973,1.350205494,0.842690485,109.72,124.84,92.46,88.01729463
s74.jpg,2,0.335057896,0.377371274,0.28757083,7.786205751,0.887873347,1.312272435,0.858272059,108.8,122.54,93.38,88.27160494
s75.jpg,2,0.344521941,0.383318803,0.272159256,8.930571205,0.89878696,1.408435665,0.789962041,112.9047619,125.6190476,89.19047619,80.94117647
s77.jpg,2,0.329719553,0.398532849,0.271747598,6.226189212,0.827333442,1.466555184,0.824177988,68.63513514,82.95945946,56.56756757,92.56528418
s78.jpg,2,0.343391929,0.386449363,0.270158708,9.055385138,0.888581952,1.430453109,0.786735751,114.8809524,129.2857143,90.38095238,82.21542228
s79.jpg,2,0.330466936,0.38584573,0.283687333,8.673074554,0.856474259,1.360109124,0.858443924,91.5,106.8333333,78.54761905,92.52525253
s8.jpg,2,0.300108245,0.437127909,0.262763846,4.888888889,0.686545605,1.663577069,0.875563571,44.95945946,65.48648649,39.36486486,107.1495085
s82.jpg,2,0.319306407,0.439627828,0.241065764,10.04987562,0.726310726,1.823684211,0.754966887,83.88888889,115.5,63.33333333,96.35782748
s84.jpg,2,0.31920904,0.402914065,0.277876896,11.01135777,0.792250922,1.449973249,0.870517,119.2777778,150.5555556,103.8333333,100.1664685
s85.jpg,2,0.321697236,0.417462598,0.260840166,8.673074554,0.770601336,1.600453662,0.810825013,90.61904762,117.5952381,73.47619048,96.6864544
s86.jpg,2,0.330842081,0.412768142,0.256389776,6.8,0.801520387,1.609924344,0.7749612,64.43333333,80.38888889,49.93333333,91.43378329
s88.jpg,2,0.329965856,0.417754937,0.252279207,5.669117117,0.789855072,1.65592298,0.764561553,67.92753623,86,51.93478261,91.83152521
s89.jpg,2,0.340179571,0.419501496,0.240318933,7.885864012,0.810913844,1.745603194,0.70644728,57.71317829,71.17054264,40.77131783,86.56126482
s9.jpg,2,0.308795303,0.43491024,0.256294456,6.292204442,0.710020768,1.696916299,0.829981718,65.11904762,91.71428571,54.04761905,102.3640961
s90.jpg,2,0.34417996,0.408693807,0.247126233,5.84940176,0.842146257,1.653785602,0.718014592,40.37759336,47.94605809,28.99170124,83.95796848
s92.jpg,2,0.334625958,0.402054959,0.263319083,8.514693183,0.832289094,1.526873611,0.786905729,64.28514056,77.23895582,50.58634538,89.16145559
s93.jpg,2,0.340064,0.388192,0.271744,8.309116687,0.876020114,1.428520961,0.799096641,77.00724638,87.9057971,61.53623188,84.79802143
s94.jpg,2,0.33840894,0.400297572,0.261293488,7.071696323,0.845393436,1.531984492,0.77212348,55.10309278,65.18041237,42.54639175,86.71373263
s95.jpg,2,0.314695946,0.402533784,0.28277027,8.438009244,0.781787663,1.42353644,0.898550725,103.5,132.3888889,93,104.0056417
s97.jpg,2,0.33005618,0.39457514,0.27536868,7.03167437,0.836484983,1.432897673,0.834308511,89.52380952,107.0238095,74.69047619,92.4742268
s98.jpg,2,0.340985088,0.397288748,0.261726164,8.027729719,0.858280254,1.517955802,0.767558972,89.83333333,104.6666667,68.95238095,84.92
s99.jpg,2,0.328646264,0.390405294,0.280948442,13.53698637,0.84180791,1.389597645,0.854865772,132.4444444,157.3333333,113.2222222,93.85390428
d10.jpg,3,0.375958549,0.392124352,0.231917098,5.662695092,0.958773784,1.690795353,0.616868798,95.47368421,99.57894737,58.89473684,66.05433376
d101.jpg,3,0.34088003,0.433095149,0.226024821,6.292204442,0.787078847,1.916139767,0.663062666,107.9047619,137.0952381,71.54761905,86.71994188
d102.jpg,3,0.364641131,0.38707416,0.248284709,4.002550207,0.942044623,1.558993151,0.680901542,35.0243553,37.17908309,23.84813754,69.69801182
d10.jpg,3,0.375958549,0.392124352,0.231917098,5.662695092,0.958773784,1.690795353,0.616868798,95.47368421,99.57894737,58.89473684,66.05433376
d100.jpg,3,0.378589877,0.43367642,0.187733703,4.004996879,0.872977778,2.310061602,0.495876184,109.1222222,125,54.11111111,73.43887147
d102.jpg,3,0.364641131,0.38707416,0.248284709,4.002550207,0.942044623,1.558993151,0.680901542,35.0243553,37.17908309,23.84813754,69.69801182
d103.jpg,3,0.357906367,0.368567877,0.273525756,5.41687738,0.971073142,1.347470463,0.764238308,50.2248062,51.72093023,38.38372093,66.73060157
d104.jpg,3,0.354925192,0.382513189,0.262561619,6.403124237,0.927877007,1.45685112,0.739766082,91.2,98.28888889,67.46666667,73.79956741
d10.jpg,3,0.375958549,0.392124352,0.231917098,5.662695092,0.958773784,1.690795353,0.616868798,95.47368421,99.57894737,58.89473684,66.05433376
d101.jpg,3,0.34088003,0.433095149,0.226024821,6.292204442,0.787078847,1.916139767,0.663062666,107.9047619,137.0952381,71.54761905,86.71994188
d102.jpg,3,0.364641131,0.38707416,0.248284709,4.002550207,0.942044623,1.558993151,0.680901542,35.0243553,37.17908309,23.84813754,69.69801182
d103.jpg,3,0.357906367,0.368567877,0.273525756,5.41687738,0.971073142,1.347470463,0.764238308,50.2248062,51.72093023,38.38372093,66.73060157
d104.jpg,3,0.354925192,0.382513189,0.262561619,6.403124237,0.927877007,1.45685112,0.739766082,91.2,98.28888889,67.46666667,73.79956741
d106.jpg,3,0.369749855,0.387085515,0.243164631,5.880287219,0.955214908,1.591866028,0.657646318,65.5257732,68.59793814,43.09278351,67.22716249
d107.jpg,3,0.34846462,0.391820673,0.259714707,6.577636819,0.889347202,1.508658009,0.745311555,118.0714286,132.7619048,88,79.69148936
d108.jpg,3,0.353093923,0.370331492,0.276574586,4.96903995,0.953453677,1.338993208,0.783289,86.36486486,90.58108108,67.64864865,71.03123159
d109.jpg,3,0.356749561,0.38506686,0.258183578,4.219004622,0.926461345,1.491445981,0.72371099,65.51111111,70.71111111,47.41111111,73.39055794
d110.jpg,3,0.359232721,0.379832811,0.260934468,5.428571429,0.945765376,1.455663616,0.726366092,114.5952381,121.1666667,83.23809524,70.39548023
d111.jpg,3,0.361160531,0.381209799,0.25762967,6.333333333,0.947406211,1.479681274,0.713338386,125.6666667,132.6428571,89.64285714,69.73421927
d112.jpg,3,0.363309353,0.375367312,0.261323336,7.568616163,0.967876907,1.436409461,0.719286013,96.90540541,100.1216216,69.7027027,66.34384718
d113.jpg,3,0.363411944,0.424444561,0.212143495,9.558139186,0.856205915,2.000742758,0.583754878,93.5,109.2027027,54.58108108,77.24888669
d115.jpg,3,0.388802587,0.416547825,0.194649587,5.392005564,0.933392431,2.139988225,0.500638611,63.35062241,67.87136929,31.71576763,67.50215183
d116.jpg,3,0.364163867,0.380306269,0.255529863,6.588078459,0.957554204,1.488304593,0.70168923,50.28313253,52.51204819,35.28313253,67.76223776
d117.jpg,3,0.369923843,0.384367465,0.245708692,4.801041554,0.96242236,1.564321803,0.664214263,43.77118644,45.48022599,29.07344633,66.25
d118.jpg,3,0.381008696,0.394573913,0.224417391,4.876013762,0.965620592,1.758214507,0.589008581,61.53932584,63.73033708,36.24719101,64.78331971
d12.jpg,3,0.377178516,0.413617116,0.209204368,5.462554913,0.911902581,1.977095984,0.55465611,58.35862069,63.99655172,32.36896552,70.69559529
d120.jpg,3,0.372133383,0.400148754,0.227717863,5.344389582,0.929987608,1.757212847,0.611925383,120.08,129.12,73.48,69.74838246
d121.jpg,3,0.35703523,0.382148238,0.260816532,5.714285714,0.934284642,1.46519945,0.730506431,118.4761905,126.8095238,86.54761905,72.41868717
d122.jpg,3,0.367813565,0.41101462,0.221171815,5.25594901,0.894891682,1.858349901,0.601315003,133.84,149.56,80.48,73.6537348
d124.jpg,3,0.375310482,0.395181321,0.229508197,4.169998668,0.949717159,1.721861472,0.611515553,87.5942029,92.23188406,53.56521739,67.1964018
d125.jpg,3,0.36408326,0.376483614,0.259433127,5,0.967062698,1.451177876,0.712565381,91.34444444,94.45555556,65.08888889,66.35641317
d126.jpg,3,0.350259896,0.409702786,0.240037318,4.808846015,0.854912167,1.706829539,0.685312024,105.12,122.96,72.04,81.02120974
d127.jpg,3,0.379887533,0.40649677,0.213615698,4.233727016,0.934540103,1.902934916,0.562312998,39.58977556,42.36284289,22.26184539,68.27740215
d129.jpg,3,0.368198285,0.436862339,0.194939376,3.896159058,0.842824505,2.241016402,0.529441293,61.86645963,73.40372671,32.75465839,77.02956681
d13.jpg,3,0.376344659,0.397939078,0.225716264,7.086763875,0.945734359,1.76300578,0.599759445,72.8556701,77.03608247,43.69587629,67.52319109
d130.jpg,3,0.367733016,0.407399772,0.224867212,4.022893669,0.902634321,1.811734886,0.611495845,43.44412607,48.13037249,26.56590258,73.03879883
d131.jpg,3,0.357790382,0.381399069,0.260810549,4.418144407,0.938099778,1.462360595,0.728947903,41.69774011,44.44915254,30.39548023,71.74673367
d133.jpg,3,0.365234566,0.411052662,0.223712772,4.501110974,0.888534729,1.837412587,0.61251807,52.75988701,59.37853107,32.31638418,74.6743215
d134.jpg,3,0.367896219,0.379437699,0.252666082,3.805259518,0.969582674,1.501735794,0.686786297,88.54444444,91.32222222,60.81111111,65.4624909
d135.jpg,3,0.364252404,0.41248907,0.223258525,5.436085026,0.88305953,1.847584857,0.612922585,119.0238095,134.7857143,72.95238095,75.29457066
d136.jpg,3,0.360776711,0.429442481,0.209780807,4.503085362,0.840104849,2.047100909,0.581469925,83.60869565,99.52173913,48.61594203,78.75587189
d138.jpg,3,0.377026432,0.409026297,0.21394727,4.004130099,0.921765752,1.911808906,0.567459605,50.40723982,54.68552036,28.6040724,69.84212353
d139.jpg,3,0.382004981,0.407113032,0.210881987,4.249974557,0.938326586,1.930525402,0.552039887,80.84883721,86.1627907,44.63178295,67.67708819
d14.jpg,3,0.382195813,0.400621457,0.21718273,5.517241379,0.954007348,1.844628515,0.568249893,37.5924933,39.40482574,21.36193029,66.02674591
d140.jpg,3,0.390159882,0.414375165,0.195464954,3.375,0.941561935,2.119946092,0.500986808,88.32110092,93.80275229,44.24770642,66.63704527
d142.jpg,3,0.372258639,0.389698147,0.238043214,3.805259518,0.955248676,1.63708992,0.639456522,102.2222222,107.0111111,65.36666667,66.89967983
d143.jpg,3,0.38438243,0.424102115,0.191515455,3.503966007,0.906344054,2.214453738,0.498241958,111.2898551,122.7898551,55.44927536,70.24642204
d144.jpg,3,0.388383276,0.428400663,0.183216061,3.708377828,0.906588877,2.338226572,0.471740347,125.4035088,138.3245614,59.15789474,69.79279778
d145.jpg,3,0.359631778,0.472053783,0.168314439,2.936362073,0.761844922,2.8045947,0.468018816,84.37628866,110.7525773,39.48969072,82.20759494
d147.jpg,3,0.384163965,0.401736359,0.214099676,4.722711086,0.95625889,1.876398727,0.557313271,63.09927798,65.98555957,35.16606498,65.61906993
d148.jpg,3,0.383575201,0.418765761,0.197659038,4.818711054,0.915966005,2.118626932,0.515307135,54.03217158,58.98927614,27.84316354,69.5493867
d149.jpg,3,0.38625038,0.400826195,0.212923425,3.946009079,0.963635575,1.882489891,0.551257515,38.48613518,39.93847487,21.21577123,64.6542627
d15.jpg,3,0.372199633,0.38135234,0.246448027,4.518518519,0.975999341,1.547394573,0.662139362,36.47384615,37.37076923,24.15076923,64.07075527
d151.jpg,3,0.384383158,0.405384514,0.210232327,3.149699178,0.948193985,1.928269164,0.546934284,54.68049793,57.66804979,29.906639,66.45691652
d152.jpg,3,0.388803603,0.402599529,0.208596868,3.229875967,0.965732879,1.930036307,0.536509608,65.5,67.82413793,35.14137931,64.26672294
d153.jpg,3,0.392909897,0.415939304,0.191150799,2.45452467,0.944632768,2.17597471,0.486500342,60.53793103,64.0862069,29.45172414,66.14695341
d154.jpg,3,0.393068059,0.426599721,0.18033222,2.8,0.921397833,2.365632282,0.45878116,91.60309278,99.41752577,42.0257732,68.16957068
d156.jpg,3,0.379306267,0.403669725,0.217024009,6.74423936,0.939645069,1.860023355,0.572160356,69.72049689,74.19875776,39.89130435,67.83199059
d157.jpg,3,0.336380256,0.377087142,0.286532602,8.409518417,0.892049127,1.31603573,0.851811594,153.3333333,171.8888889,130.6111111,86.9717362
d158.jpg,3,0.374074318,0.41470543,0.211220252,5.880287219,0.902024163,1.96337911,0.564647829,87.74742268,97.27835052,49.54639175,71.98056156
d159.jpg,3,0.359998306,0.409587533,0.230414161,7.114582486,0.878928867,1.777614409,0.640042348,114.8783784,130.7027027,73.52702703,76.60600331
d160.jpg,3,0.349963136,0.385045466,0.264991398,6.444444444,0.908887825,1.453048922,0.757198034,76.97297297,84.68918919,58.28378378,77.5332651
d161.jpg,3,0.358578883,0.390270104,0.251151013,7.666666667,0.918796697,1.553926062,0.700406591,111.2619048,121.0952381,77.92857143,73.66795367
d162.jpg,3,0.366930539,0.376407626,0.256661835,5.335936865,0.974822275,1.466550825,0.69948344,71.54347826,73.39130435,50.04347826,64.74860335
d163.jpg,3,0.374188838,0.407338308,0.218472853,4.8,0.918619316,1.864480198,0.583857215,71.33505155,77.65463918,41.64948454,70.53113815
d165.jpg,3,0.373493976,0.393667694,0.23283833,4.923076923,0.948754448,1.690734055,0.623405851,77.27536232,81.44927536,48.17391304,67.5261324
d166.jpg,3,0.372281746,0.384779291,0.242938963,5.769743567,0.967520226,1.583851705,0.652567485,42.03924915,43.45051195,27.4334471,65.28659706
d167.jpg,3,0.364264135,0.384788759,0.250947106,4,0.94666002,1.533346073,0.688915218,66.63157895,70.38596491,45.90350877,69.20100322
d168.jpg,3,0.359564165,0.389957946,0.25047789,4.449996532,0.922058824,1.556855762,0.696615276,76.25675676,82.7027027,53.12162162,73.07446323
d17.jpg,3,0.364039095,0.371680926,0.264279979,4.245549594,0.979439809,1.406390781,0.725965926,45.33793103,46.28965517,32.9137931,64.26914153
d170.jpg,3,0.373269245,0.407944138,0.218786618,4.421052632,0.915000879,1.864575363,0.586136204,48.47515528,52.97826087,28.41304348,70.99873578
d171.jpg,3,0.341692387,0.376414609,0.281893004,9.5,0.907755381,1.335310219,0.824990591,147.6111111,162.6111111,121.7777778,82.04081633
d18.jpg,3,0.37114867,0.383162881,0.245688449,4.378304486,0.968644639,1.559547805,0.661967746,66.81395349,68.97674419,44.22868217,65.24353955
d2.jpg,3,0.341637509,0.3816655,0.276696991,8.009993758,0.895122846,1.379362671,0.80991397,135.6111111,151.5,109.8333333,82.88
d20.jpg,3,0.369112728,0.379121754,0.251765518,4.890640791,0.97359944,1.505852578,0.682083004,78.10674157,80.2247191,53.2752809,64.71544715
d21.jpg,3,0.376704016,0.391973131,0.231322853,3.377314022,0.961045507,1.694485115,0.614070578,61.22477064,63.70642202,37.59633028,65.70274069
d22.jpg,3,0.369599527,0.383836391,0.246564082,3.25,0.962909028,1.556740899,0.667111467,51.56422018,53.55045872,34.39908257,66.22275449
d24.jpg,3,0.368227507,0.3887595,0.243012993,4.449996532,0.947185874,1.599747793,0.659953395,81.18918919,85.71621622,53.58108108,68.45248108
d25.jpg,3,0.347814355,0.397868322,0.254317323,9.552486587,0.874194642,1.564456233,0.731186967,143.2222222,163.8333333,104.7222222,80.92105263
d26.jpg,3,0.358660657,0.390663232,0.250676111,4.75,0.918081424,1.558438222,0.698922801,111.4,121.34,77.86,73.71665133
d28.jpg,3,0.36790393,0.404242046,0.227854024,8.009993758,0.910108025,1.77412731,0.619330224,131.0555556,144,81.16666667,72.36074271
d3.jpg,3,0.346820078,0.398533316,0.254646605,7.6,0.870241117,1.565044687,0.734232592,152.3888889,175.1111111,111.8888889,81.56414763
d30.jpg,3,0.373838,0.409745539,0.216416461,3.859787453,0.912366247,1.893319656,0.578904394,75.68539326,82.95505618,43.81460674,71.1439644
d31.jpg,3,0.376119483,0.396095887,0.22778463,5.430450802,0.949566748,1.738905238,0.605617737,78.80337079,82.98876404,47.7247191,67.12123626
d32.jpg,3,0.366603432,0.397020781,0.236375787,5.406900027,0.923386002,1.679616963,0.644772433,58.64137931,63.50689655,37.81034483,71.36070853
d34.jpg,3,0.376498542,0.399323181,0.224178277,4.751644452,0.942841688,1.781275092,0.595429337,35.89702517,38.07322654,21.37414188,67.81911614
d35.jpg,3,0.366600008,0.383239633,0.250160359,4.704253395,0.956581668,1.531975867,0.68237958,54.89265537,57.38418079,37.45762712,67.50212645
d36.jpg,3,0.380674464,0.397853764,0.221471772,4.437778448,0.956820064,1.796408458,0.581787834,90.87640449,94.97752809,52.87078652,65.84389593
d37.jpg,3,0.353530534,0.397471374,0.248998092,4.065578141,0.889449046,1.596282813,0.704318488,65,73.07894737,45.78070175,77.75706941
d39.jpg,3,0.34453503,0.384702061,0.270762908,6.333333333,0.895589249,1.420807834,0.785879184,123.7619048,138.1904762,97.26190476,81.15183246
d4.jpg,3,0.357072484,0.394581281,0.248346235,6.666666667,0.904940253,1.588835364,0.695506504,120.8095238,133.5,84.02380952,75.38979788
d40.jpg,3,0.321239922,0.40617181,0.272588268,7.6,0.790896646,1.490056094,0.848550411,128.3888889,162.3333333,108.9444444,98.14776275
d43.jpg,3,0.360213144,0.381290705,0.258496152,5.25594901,0.944720497,1.475034356,0.717619987,121.68,128.8,87.32,70.29893925
d45.jpg,3,0.361296834,0.398637568,0.240065599,5.60357029,0.906329114,1.660535995,0.664455307,95.46666667,105.3333333,63.43333333,74.12887828
d46.jpg,3,0.363404826,0.403920912,0.232674263,4.307692308,0.899693022,1.735993087,0.640261896,78.57971014,87.34057971,50.3115942,74.19569472
d47.jpg,3,0.364612309,0.394341099,0.241046592,5.60357029,0.924611485,1.63595384,0.661103826,93.21111111,100.8111111,61.62222222,71.63595123
d48.jpg,3,0.368041168,0.40553365,0.226425182,4.002221605,0.907547792,1.791027155,0.615216996,56.77319588,62.55670103,34.92783505,72.55970149
d5.jpg,3,0.342478253,0.384877426,0.272644321,5.25,0.889837206,1.411646586,0.796092362,112.6,126.54,89.64,82.66666667
d50.jpg,3,0.368728909,0.416597925,0.214673166,6.013318551,0.885095404,1.940614811,0.582197817,76.03608247,85.90721649,44.26804124,74.22381778
d51.jpg,3,0.379823503,0.413514089,0.206662408,5.888888889,0.918526147,2.000915856,0.544101159,55.35862069,60.26896552,30.12068966,69.77238934
d52.jpg,3,0.366132844,0.396010441,0.237856715,6.087577608,0.924553512,1.66491176,0.649645937,43.06846473,46.58298755,27.97925311,71.33489461
d54.jpg,3,0.370604651,0.382299003,0.247096346,5.144840887,0.969410456,1.547165752,0.666738382,78.33707865,80.80898876,52.23033708,65.18969923
d55.jpg,3,0.373923888,0.409687022,0.21638909,4.219004622,0.912706206,1.893288716,0.578698225,103.2777778,113.1555556,59.76666667,71.10093652
d56.jpg,3,0.366197183,0.415120609,0.218682208,3.337497399,0.882146478,1.898282499,0.597170645,81.95652174,92.9057971,48.94202899,74.94313499
d57.jpg,3,0.371163063,0.414444079,0.214392858,4.019950248,0.895568502,1.933105803,0.577624446,112.7222222,125.8666667,65.11111111,72.98098025
d59.jpg,3,0.339926471,0.394485294,0.265588235,5.142857143,0.861696179,1.485326688,0.781310837,110.0714286,127.7380952,86,85.39646321
d6.jpg,3,0.354899151,0.371762372,0.273338477,4.2,0.954639787,1.360080645,0.770186335,71.55555556,74.95555556,55.11111111,70.27995521
d61.jpg,3,0.334364527,0.39030678,0.275328693,10.0124922,0.85667107,1.417602996,0.823438705,144.1111111,168.2222222,118.6666667,89.19282511
d62.jpg,3,0.332535433,0.389669291,0.277795276,6.754628043,0.853378597,1.402721088,0.83538549,105.58,123.72,88.2,90.64189189
d64.jpg,3,0.36805492,0.39208238,0.2398627,7.568616163,0.938718338,1.634611716,0.651703556,108.6756757,115.7702703,70.82432432,69.47083584
d65.jpg,3,0.362887336,0.405158517,0.231954147,7.790465841,0.895667551,1.746718147,0.639190523,109.5135135,122.2702703,70,74.64322647
d66.jpg,3,0.36020845,0.403647869,0.236143681,5.714285714,0.892382885,1.709331652,0.655575075,54.36516854,60.92134831,35.64044944,75.56
d67.jpg,3,0.36686208,0.391854366,0.241283554,6.001481299,0.936220472,1.624040921,0.657695543,67.41752577,72.01030928,44.34020619,69.95901639
d69.jpg,3,0.359138836,0.369085337,0.271775827,5.264210421,0.973050943,1.358050645,0.756743076,42.94720497,44.13664596,32.5,66.13290633
d70.jpg,3,0.36349777,0.37847001,0.25803222,5.816195062,0.960440089,1.46675485,0.709859155,73.27981651,76.29816514,52.01834862,67.45890799
d71.jpg,3,0.358306947,0.374511082,0.267181971,5.632051136,0.956732562,1.401707912,0.745679012,85.5,89.36666667,63.75555556,69.05856833
d72.jpg,3,0.367568818,0.376937312,0.25549387,4.750568517,0.97514575,1.475328203,0.695091252,85.89189189,88.08108108,59.7027027,64.62857143
d74.jpg,3,0.356335562,0.378143903,0.265520535,5.150787536,0.942327931,1.424160671,0.745141836,106.5952381,113.1190476,79.42857143,71.61837456
d75.jpg,3,0.343309719,0.368622144,0.288068137,6.009252126,0.931332325,1.279635259,0.83909112,102.6904762,110.2619048,86.16666667,78.85375494
d76.jpg,3,0.344648604,0.393594934,0.261756462,3.654500226,0.875642885,1.503668451,0.759487952,58.24561404,66.51754386,44.23684211,82.27559055
d77.jpg,3,0.380035996,0.390488717,0.229475287,4.674279505,0.973231697,1.701659125,0.603825137,41.0723192,42.20199501,24.80049875,63.89509888
d79.jpg,3,0.384293671,0.411389269,0.20431706,4.301162634,0.934136353,2.013484672,0.531669074,54.76836158,58.6299435,29.11864407,67.85105772
d8.jpg,3,0.358142598,0.39672869,0.245128712,5.203844733,0.902739347,1.618450515,0.684444444,72.5,80.31111111,49.62222222,75.27154236
d80.jpg,3,0.380056959,0.410453483,0.209489557,4.422305587,0.925944047,1.959302832,0.551205687,64.65217391,69.82298137,35.63664596,69.07521802
d81.jpg,3,0.382855811,0.42262059,0.1945236,4.4,0.905909035,2.172592888,0.508085797,76.18041237,84.09278351,38.70618557,70.45996593
d83.jpg,3,0.374301472,0.398407539,0.227290989,3.858441909,0.939493949,1.752852322,0.607240437,74.26086957,79.04347826,45.0942029,68.452508
d84.jpg,3,0.356217366,0.385263972,0.258518662,3.298113252,0.924605963,1.490275284,0.725732899,51.74157303,55.96067416,37.5505618,73.75038145
d85.jpg,3,0.371373209,0.404823823,0.223802968,3.636363636,0.917369946,1.808840283,0.602636276,63.88596491,69.64035088,38.5,71.08732394
d86.jpg,3,0.37042331,0.407146784,0.222429907,4.5,0.909802863,1.830449827,0.600474918,134.76,148.12,80.92,71.92857143
d89.jpg,3,0.343792803,0.393973353,0.262233844,9.055385138,0.872629583,1.502374169,0.762767113,153.3888889,175.7777778,117,82.85444234
d9.jpg,3,0.365126366,0.380932521,0.253941113,5.466653228,0.958506678,1.500082115,0.695488292,76.79824561,80.12280702,53.4122807,67.4679803
d90.jpg,3,0.359942244,0.380088009,0.259969747,5.714285714,0.946997105,1.462047077,0.722254059,124.6428571,131.6190476,90.02380952,70.06296508
d91.jpg,3,0.348880024,0.376342436,0.274777539,8.438009244,0.927028128,1.369625908,0.787598945,126.3333333,136.2777778,99.5,76.22356495
d93.jpg,3,0.345154571,0.43592414,0.218921289,6.444444444,0.791776688,1.991236856,0.634270287,85.09459459,107.472973,53.97297297,85.09724678
d94.jpg,3,0.337714383,0.45084055,0.211445067,4.615384615,0.749077213,2.1321876,0.626106195,72.05797101,96.19565217,45.11594203,88.35295787
d95.jpg,3,0.367399829,0.393338441,0.23926173,5.462554913,0.934055231,1.643967222,0.651229835,56.21724138,60.1862069,36.61034483,70.10092146
d96.jpg,3,0.348926771,0.40278643,0.248286798,7.558822823,0.86628234,1.622262774,0.711572797,83.25675676,96.10810811,59.24324324,80.91642229
d27.jpg,3,0.34670704,0.417108251,0.236184709,4.756574398,0.831215971,1.766025641,0.681222707,109.92,132.24,74.88,83.34728033
d41.jpg,3,0.335075377,0.394170854,0.270753769,6.333333333,0.850076492,1.455827765,0.808038392,79.38095238,93.38095238,64.14285714,88.72964169
d42.jpg,3,0.327356473,0.392992269,0.279651258,6.342099197,0.832984512,1.405294118,0.854271357,94.76190476,113.7619048,80.95238095,94.74600871
d60.jpg,3,0.348056112,0.373146292,0.278797595,6.666666667,0.932760473,1.338412881,0.801013358,103.3809524,110.8333333,82.80952381,75.95581988
l10.jpg,4,0.372489781,0.374444642,0.253065577,8.444444444,0.994779307,1.479634832,0.679389313,113.2972973,113.8918919,76.97297297,60.96632504
l100.jpg,4,0.36494561,0.341657729,0.29339666,9.2,1.068161435,1.164490862,0.803946264,132.3333333,123.8888889,106.3888889,40.47109208
l101.jpg,4,0.353535353,0.355286195,0.291178451,10.07174265,0.995072024,1.220166513,0.823619048,145.8333333,146.5555556,120.1111111,61.63865546
l102.jpg,4,0.36747776,0.346023024,0.286499215,10.43072385,1.062003781,1.207762556,0.779636881,156.0555556,146.9444444,121.6666667,44.10339257
l104.jpg,4,0.36544647,0.350053607,0.284499923,10.35481638,1.043972873,1.230417227,0.778499581,113.6190476,108.8333333,88.45238095,48.59035005
l105.jpg,4,0.372708653,0.362160778,0.265130568,7.780951733,1.029124841,1.365971418,0.711361451,98.36486486,95.58108108,69.97297297,54.1170871
l106.jpg,4,0.366750726,0.353999143,0.279250131,8.669515201,1.036021506,1.267677628,0.76141671,104.1621622,100.5405405,79.31081081,51.25611746
l107.jpg,4,0.386862437,0.371994952,0.241142611,5.71607115,1.039966901,1.542634669,0.62332909,70.60674157,67.89325843,44.01123596,53.878327
l109.jpg,4,0.379201202,0.364475202,0.256323596,8,1.040403297,1.421933863,0.675956709,79.42134831,76.33707865,53.68539326,52.80943026
l11.jpg,4,0.386232278,0.374623327,0.239144396,6.266666667,1.03098833,1.566515183,0.619172476,80.60309278,78.18041237,49.90721649,55.26448363
l110.jpg,4,0.390843417,0.368320995,0.240835589,7.800845185,1.061148895,1.529346211,0.616194564,54.27018634,51.14285714,33.44099379,50.99150142
l111.jpg,4,0.377785717,0.359698093,0.26251619,10.80185169,1.050285572,1.370193944,0.694881192,93.98888889,89.48888889,65.31111111,50.58504456
l113.jpg,4,0.364082532,0.345102163,0.290815304,8.899993064,1.054999274,1.186671259,0.798762036,98.24324324,93.12162162,78.47297297,44.45659604
l114.jpg,4,0.381664786,0.355177319,0.263157895,7.336699564,1.074575334,1.349673812,0.689500065,105.1486486,97.85135135,72.5,46.58940397
l115.jpg,4,0.361881885,0.351196886,0.286921229,9.160696881,1.030424528,1.224018476,0.792858778,104.0238095,100.952381,82.47619048,51.44751381
l116.jpg,4,0.37740556,0.353528154,0.269066287,5.403702434,1.067540323,1.313907285,0.712936733,94.13333333,88.17777778,67.11111111,46.77631579
l12.jpg,4,0.37546721,0.369196553,0.255336237,8.627738396,1.016984605,1.445923058,0.680049362,88.07971014,86.60869565,59.89855072,56.86808948
l125.jpg,4,0.340212677,0.341541906,0.318245418,2.236067977,0.996108152,1.073202902,0.935430804,97.26,97.64,90.98,63.42342342
l127.jpg,4,0.366147775,0.358364394,0.275487832,11.54469575,1.02171918,1.300835655,0.752395209,185.5555556,181.6111111,139.6111111,54.84885127
l128.jpg,4,0.361712449,0.352010187,0.286277363,7.75403121,1.027562446,1.22961237,0.791450126,119.3,116.1,94.42,52.2829582
l13.jpg,4,0.392323526,0.359974447,0.247702026,5.778846055,1.089864931,1.453255964,0.63137184,76.23793103,69.95172414,48.13448276,46.5791411
l130.jpg,4,0.373530557,0.357648891,0.268820553,10.42759291,1.044405746,1.330437301,0.719674865,114.2380952,109.3809524,82.21428571,50.89962825
l131.jpg,4,0.368969738,0.352762419,0.278267843,8.221921916,1.045944006,1.267708175,0.754175246,97.13333333,92.86666667,73.25555556,49.2787343
l132.jpg,4,0.381867016,0.355913676,0.262219307,7.563537571,1.072920323,1.357313006,0.686677026,88.60144928,82.57971014,60.84057971,46.98512138
l134.jpg,4,0.381935753,0.360346266,0.257717981,8.960505423,1.059913169,1.398219344,0.674767886,70.96899225,66.95736434,47.8875969,49.57178841
l135.jpg,4,0.386214248,0.36392886,0.249856892,8.104196724,1.061235559,1.456549218,0.646938567,50.68911917,47.7642487,32.79274611,50.193978
l136.jpg,4,0.378103599,0.356472682,0.265423719,8.159649604,1.060680433,1.343032507,0.701986755,90.81884058,85.62318841,63.75362319,48.48192771
l137.jpg,4,0.37519495,0.358484961,0.266320089,9.529559276,1.046612803,1.346068042,0.709817894,101.04,96.54,71.72,50.79126876
l139.jpg,4,0.378284389,0.352174873,0.269540737,8.027729719,1.074137931,1.306573828,0.712534656,92.60810811,86.21621622,65.98648649,45.59390863
l14.jpg,4,0.389918069,0.367598983,0.242482948,8.2,1.060715854,1.515978695,0.621881793,107.3444444,101.2,66.75555556,50.91705448
l140.jpg,4,0.374439952,0.35056278,0.274997268,8.270130696,1.068110973,1.27478641,0.73442288,92.60810811,86.7027027,68.01351351,45.59340659
l141.jpg,4,0.377135231,0.351957295,0.270907473,8.533024083,1.071536906,1.299178982,0.718329795,84.78,79.12,60.9,45.77889447
l143.jpg,4,0.369593286,0.349176888,0.281229826,9.386751894,1.058470071,1.241606886,0.760917031,109.047619,103.0238095,82.97619048,46.1369863
l144.jpg,4,0.372528249,0.344750471,0.282721281,11.26410227,1.080573575,1.2194005,0.75892575,175.8333333,162.7222222,133.4444444,41.44167759
l145.jpg,4,0.386440202,0.35801516,0.255544638,8.339997335,1.079396196,1.40098874,0.661278605,131.0952381,121.452381,86.69047619,46.97050938
l15.jpg,4,0.386205946,0.35836052,0.255433534,7.2,1.077702269,1.402950171,0.661392029,93.38888889,86.65555556,61.76666667,47.22417428
l152.jpg,4,0.385117356,0.355304705,0.259577939,8.134426156,1.08390728,1.36877851,0.674022957,75.44329897,69.60309278,50.85051546,45.7514148
l153.jpg,4,0.381625148,0.355571253,0.262803599,9.47042179,1.073273343,1.352992331,0.688643293,94.68041237,88.21649485,65.20103093,46.84385382
l154.jpg,4,0.384660991,0.360898333,0.254440676,9.633275663,1.065843081,1.418398732,0.661467324,83.60824742,78.44329897,55.30412371,49.05117465
l155.jpg,4,0.381758142,0.362172626,0.256069233,7.878967255,1.054077847,1.414354322,0.67076299,76.89449541,72.94954128,51.57798165,50.65048016
l157.jpg,4,0.373537684,0.352545551,0.273916765,8.7348452,1.059544456,1.287053571,0.733304234,80.38596491,75.86842105,58.94736842,47.35679214
l158.jpg,4,0.381370906,0.358582884,0.26004621,9.335978461,1.063550221,1.378919861,0.681872178,113.7567568,106.9594595,77.56756757,48.73039582
l159.jpg,4,0.368822554,0.346458185,0.284719261,6.363636364,1.064551422,1.216841405,0.77196814,68.28070175,64.14035088,52.71052632,44.04507042
l16.jpg,4,0.370862294,0.362259996,0.26687771,8.590455073,1.023746201,1.357400722,0.719614029,128.3095238,125.3333333,92.33333333,55.03639974
l163.jpg,4,0.38086771,0.353662873,0.265469417,7.333333333,1.076923077,1.332217013,0.697012138,102,94.71428571,71.0952381,45.85516179
l164.jpg,4,0.364317635,0.357236164,0.278446201,7.673909622,1.019822941,1.282962963,0.76429515,126.1666667,123.7142857,96.42857143,55.05204163
l165.jpg,4,0.371004838,0.354905226,0.274089936,8.666666667,1.045363129,1.294849536,0.738777255,111.3809524,106.547619,82.28571429,50.03273322
l166.jpg,4,0.378427445,0.356829849,0.264742707,8.25378701,1.060526316,1.347836368,0.699586435,120.9,114,84.58,48.60132159
l168.jpg,4,0.386156539,0.361957637,0.251885825,9.172725271,1.066855619,1.436990896,0.65228942,92.73913043,86.92753623,60.49275362,49.18651685
l169.jpg,4,0.387478714,0.362441464,0.250079821,8.698060129,1.06907943,1.449303117,0.645402733,66.80275229,62.48623853,43.1146789,49.06661503
l170.jpg,4,0.39238989,0.367559422,0.240050688,10.41729331,1.067554976,1.531174204,0.611765733,64.72881356,60.63276836,39.59887006,50.22032374
l171.jpg,4,0.408094435,0.363382987,0.228522578,7.604676924,1.123042217,1.590140412,0.559974747,89.81443299,79.9742268,50.29381443,45.06064954
l173.jpg,4,0.371858058,0.349531789,0.278610153,7.802563681,1.063874788,1.254555104,0.749237906,83.83333333,78.8,62.81111111,45.63424947
l174.jpg,4,0.358476132,0.365284578,0.27623929,8.576189154,0.981361257,1.32234838,0.770593256,111.5714286,113.6904762,85.97619048,64.58762887
l175.jpg,4,0.372181146,0.357116451,0.270702403,7.428571429,1.042184265,1.319221577,0.727340452,95.88095238,92,69.73809524,51.09289617
l176.jpg,4,0.384917389,0.354899395,0.260183216,6.737093569,1.084581701,1.364036467,0.675945601,82.56140351,76.12280702,55.80701754,45.56065574
l2.jpg,4,0.361492945,0.364952208,0.273554848,6.699917081,0.990521327,1.334109817,0.756736338,94.54761905,95.45238095,71.54761905,62.27091633
l21.jpg,4,0.357805255,0.348686244,0.293508501,7.6,1.026152482,1.187993681,0.820302376,128.6111111,125.3333333,105.5,51.49038462
l22.jpg,4,0.365687148,0.339863461,0.294449392,6,1.075982533,1.154233871,0.805194805,88,81.78571429,70.85714286,38.25
l23.jpg,4,0.362289008,0.341841636,0.295869356,9.633275663,1.059815335,1.155380334,0.816666667,146.6666667,138.3888889,119.7777778,41.52892562
l25.jpg,4,0.372518508,0.352006413,0.275475079,7.443117626,1.058271936,1.277815816,0.739493671,87.77777778,82.94444444,64.91111111,47.31778426
l26.jpg,4,0.370362662,0.358395338,0.271242,8.456132262,1.033391405,1.321312104,0.732368643,96.18918919,93.08108108,70.44594595,52.75590551
l27.jpg,4,0.39489756,0.362315352,0.242787087,9.168181693,1.089927759,1.492317224,0.6148103,95.11594203,87.26811594,58.47826087,47.14794304
l28.jpg,4,0.40682186,0.370571393,0.222606747,6.025665272,1.097823166,1.664690751,0.547184822,56.34482759,51.32413793,30.83103448,48.19299905
l3.jpg,4,0.371611094,0.34761608,0.280772826,8.158431222,1.069027342,1.238068812,0.755555555,132.5,123.9444444,100.1111111,44.1509434
l30.jpg,4,0.384976404,0.364595758,0.250427838,8.285714286,1.055899296,1.455891489,0.650501785,83.41011236,78.99438202,54.25842697,50.91154365
l31.jpg,4,0.389109258,0.366388731,0.24450201,8.174125429,1.062012078,1.498510098,0.628363384,81.01123596,76.28089888,50.90449438,50.57286807
l32.jpg,4,0.387335092,0.364364426,0.248300481,8.681077762,1.063043108,1.467433429,0.641048245,90.42028986,85.05797101,57.96376812,50.08707301
l34.jpg,4,0.386563839,0.360274207,0.253161954,7.350359024,1.072971173,1.423097753,0.654903352,81.72463768,76.16666667,53.52173913,48.17574512
l35.jpg,4,0.374351371,0.365284826,0.260363802,6.903210919,1.024820481,1.402978537,0.695506474,88.71621622,86.56756757,61.7027027,55.22761381
l36.jpg,4,0.371365906,0.351952961,0.276681133,7.202777242,1.055157783,1.272052623,0.745036441,88.42222222,83.8,65.87777778,47.69837358
l37.jpg,4,0.366252739,0.35339664,0.280350621,8.003905297,1.036378669,1.260552371,0.765456721,100.28,96.76,76.76,51.02040816
l39.jpg,4,0.371859296,0.362128101,0.266012603,7.695597587,1.026872247,1.36131934,0.715358215,111,108.0952381,79.4047619,54.48379804
l4.jpg,4,0.372172993,0.374950403,0.252876604,10,0.992592592,1.482740586,0.679459844,156.3333333,157.5,106.2222222,61.36511376
l40.jpg,4,0.358821403,0.348065799,0.293112798,7,1.030901065,1.187480728,0.816876574,94.52380952,91.69047619,77.21428571,50.17881706
l41.jpg,4,0.355878929,0.352968568,0.291152503,8.409518417,1.008245383,1.212315074,0.818122342,169.8333333,168.4444444,138.9444444,57.30215827
l43.jpg,4,0.338582677,0.368647101,0.292770222,9.732420048,0.918446602,1.259168705,0.864693446,131.3888889,143.0555556,113.6111111,83.77358491
l44.jpg,4,0.365826851,0.355005073,0.279168076,8.875556895,1.030483448,1.271653543,0.763115323,103.0238095,99.97619048,78.61904762,52.50731707
l45.jpg,4,0.361460203,0.353081987,0.28545781,8.284020763,1.023728814,1.236897275,0.789735099,108.72,106.2,85.86,53.38582677
l46.jpg,4,0.374288762,0.367220839,0.258490398,6.002754189,1.019247064,1.420636285,0.690617577,73.85964912,72.46491228,51.00877193,56.3378119
l48.jpg,4,0.386756873,0.364243558,0.248999568,4.963534849,1.06180841,1.462828073,0.643814203,52.06976744,49.03875969,33.52325581,50.19435737
l49.jpg,4,0.385074449,0.36925969,0.245665861,6.776220168,1.042828283,1.503097291,0.637969779,93.51449275,89.67391304,59.65942029,53.19349315
l5.jpg,4,0.394827072,0.370378652,0.234794276,6.880911188,1.066009257,1.577460317,0.594676232,126.1190476,118.3095238,75,50.83372147
l50.jpg,4,0.395144386,0.381000834,0.223854779,7.655199287,1.037122102,1.702,0.56651388,75.25968992,72.56589147,42.63565891,55.04574076
l52.jpg,4,0.380819626,0.356879008,0.262301366,9.180292903,1.067083293,1.36056862,0.688781113,79.1884058,74.21014493,54.54347826,47.88003528
l53.jpg,4,0.394561003,0.361866527,0.24357247,8.313388361,1.090349544,1.485662678,0.617325249,103.9782609,95.36231884,64.1884058,47.007831
l54.jpg,4,0.390735806,0.363566557,0.245697638,5.893080269,1.07472978,1.479731593,0.628807583,59.65862069,55.51034483,37.5137931,48.76051074
l55.jpg,4,0.389830011,0.35788732,0.252282669,8.320502943,1.089253486,1.418596532,0.647160717,96.2173913,88.33333333,62.26811594,46.06616862
l57.jpg,4,0.371409194,0.351935281,0.276655525,7.6,1.055333792,1.272106461,0.744880657,85.18888889,80.72222222,63.45555556,47.66871166
l58.jpg,4,0.400769358,0.37946724,0.219763402,5.636363636,1.056136909,1.726708074,0.548353803,84.99122807,80.47368421,46.60526316,52.93875686
l59.jpg,4,0.392647648,0.371625314,0.235727038,6.003332408,1.056568627,1.576506955,0.600352603,119.7444444,113.3333333,71.88888889,51.96192245
l6.jpg,4,0.405072616,0.370202764,0.224724619,5.094154809,1.094191225,1.647361848,0.554776132,101.2894737,92.57017544,56.19298246,48.39914414
l61.jpg,4,0.362511251,0.368586859,0.26890189,9.60832972,0.983516484,1.370711297,0.741775295,179,182,132.7777778,63.65688488
l62.jpg,4,0.387548263,0.369111969,0.243339768,6.333333333,1.049947699,1.51685839,0.627895392,95.5952381,91.04761905,60.02380952,52.32931727
l63.jpg,4,0.395953757,0.350343208,0.253703035,7,1.130188193,1.380918476,0.640739051,104.3809524,92.35714286,66.88095238,40.76190476
l64.jpg,4,0.375220998,0.373453012,0.251325989,8.438009244,1.004734159,1.485930736,0.669807902,153.2777778,152.5555556,102.6666667,59.14379802
l66.jpg,4,0.413290514,0.358130999,0.228578487,4.336537277,1.154020497,1.566774741,0.553069763,84.86231884,73.53623188,46.93478261,42.08253726
l67.jpg,4,0.415713488,0.360904466,0.223382046,6.585734646,1.151865732,1.615637752,0.537346159,124.0175439,107.6666667,66.64035088,42.90169699
l68.jpg,4,0.425214439,0.371604718,0.203180843,5.587887776,1.144265448,1.828935796,0.477831477,106.9438202,93.46067416,51.1011236,45.51307847
l69.jpg,4,0.398631324,0.369352044,0.232016632,7.055773063,1.079272011,1.59192055,0.582033117,71.45652174,66.20807453,41.59006211,49.45617136
l70.jpg,4,0.396292388,0.36440941,0.239298202,6.89694869,1.087492193,1.522825523,0.603842539,66.04827586,60.73448276,39.88275862,47.81497101
l71.jpg,4,0.390488862,0.357440233,0.252070904,7.818181818,1.092459174,1.418014643,0.645526489,79.80701754,73.05263158,51.51754386,45.6744186
l72.jpg,4,0.38852519,0.362826821,0.248647989,7.402702209,1.070828197,1.459198692,0.639979068,106.1666667,99.14444444,67.94444444,48.97674419
l73.jpg,4,0.388088857,0.355653477,0.256257666,5.8,1.091199387,1.38787449,0.660306684,94.92222222,86.98888889,62.67777778,45.23776706
l75.jpg,4,0.382385402,0.365168126,0.252446472,6.577636819,1.047148901,1.446517051,0.660188571,123.7380952,118.1666667,81.69047619,52.04983012
l76.jpg,4,0.367723914,0.371057848,0.261218238,6.285714286,0.991015056,1.420489824,0.710365107,97.16666667,98.04761905,69.02380952,61.82116489
l77.jpg,4,0.367702196,0.352972683,0.279325121,10.5,1.041729894,1.263662511,0.7596504,152.5555556,146.4444444,115.8888889,50
l78.jpg,4,0.390124732,0.357392548,0.25248272,8.183838134,1.091586084,1.415512901,0.647184604,86.14912281,78.92105263,55.75438596,45.73160173
l80.jpg,4,0.360440283,0.345654674,0.293905044,10.5,1.042775665,1.17607602,0.815405652,121.8888889,116.8888889,99.38888889,46.66666667
l81.jpg,4,0.347811334,0.350525959,0.301662708,11.04536102,0.992255566,1.161979753,0.867317073,113.8888889,114.7777778,98.77777778,63.33333333
l82.jpg,4,0.398377963,0.368524086,0.233097951,8.673074554,1.081009296,1.580983803,0.585117585,135.6666667,125.5,79.38095238,49.16243655
l83.jpg,4,0.389553222,0.376867353,0.233579425,5.076923077,1.033661363,1.613444131,0.599608506,81.44202899,78.78985507,48.83333333,55.12
l85.jpg,4,0.412530244,0.368678899,0.218790857,5.579940329,1.118941834,1.685074524,0.530363193,85.2515528,76.18944099,45.21428571,46.41948495
l86.jpg,4,0.380177768,0.356304484,0.263517748,10.13421049,1.067002479,1.352108108,0.693143499,68.78865979,64.46907216,47.68041237,47.72161172
l87.jpg,4,0.391541437,0.355779595,0.252678968,8.673074554,1.100516842,1.408030113,0.64534413,89.49275362,81.31884058,57.75362319,44.54794521
l88.jpg,4,0.38819405,0.3568947,0.25491125,8.16836717,1.087699115,1.40007434,0.656659344,89.06521739,81.88405797,58.48550725,45.90995261
l9.jpg,4,0.36757634,0.361625391,0.270798269,9.003471553,1.016456117,1.335405105,0.736713001,122.3,120.32,90.1,56.31055901
l90.jpg,4,0.411915439,0.362203716,0.225880846,6.670369342,1.137247966,1.603516733,0.54836703,130.3378378,114.6081081,71.47297297,43.96694215
l91.jpg,4,0.396232339,0.35451895,0.24924871,6.222222222,1.117661944,1.422350189,0.629046864,119.3783784,106.8108108,75.09459459,42.9722307
l92.jpg,4,0.389605798,0.351364092,0.25903011,8.359957469,1.108837833,1.356460418,0.664851785,157.4285714,141.9761905,104.6666667,42.42779783
l94.jpg,4,0.399317198,0.35188685,0.248795952,7.340905182,1.134788635,1.414359225,0.623053435,155.952381,137.4285714,97.16666667,41.09356015
l95.jpg,4,0.378441578,0.37037037,0.251188052,7.007932014,1.021792261,1.474474474,0.663743273,119.452381,116.9047619,79.28571429,56.19442798
l96.jpg,4,0.370817844,0.358581165,0.270600991,8.409518417,1.03412527,1.325128792,0.729741019,133,128.6111111,97.05555556,52.67387944
l97.jpg,4,0.356670591,0.367901458,0.27542795,7.340905182,0.969473166,1.335744821,0.772219401,93.76190476,96.71428571,72.4047619,67.28697356
l99.jpg,4,0.374353469,0.344783839,0.280862692,7.071067812,1.085762808,1.227588603,0.750260688,91.33333333,84.11904762,68.52380952,41.02296451